"Märke","Modell","Kaross","Beskrivning","Drivmedel","Drivlina","Sittplatser","Styrkor","Svagheter","Passar för","Bättre alternativ"
"Alfa Romeo","Tonale","SUV","Italiensk kompakt-SUV med sportig design och fokus på körkänsla. Finns som bensinmildhybrid och laddhybrid, där laddhybriden ger lägre förbrukning för pendlare. Mer karaktär än många tyska konkurrenter men trängre och med svagare servicenät.","Bensin; Mildhybrid; Laddhybrid","Tvåhjulsdrift; Fyrhjulsdrift","5","Snygg italiensk design; Sportig körkänsla; Bra prestanda som laddhybrid","Trängre än konkurrenter; Svagare återförsäljarnät; Andrahandsvärdet osäkert","Den som vill ha annorlunda design; Föraren som söker karaktär framför pragmatik","for_familjen: Volvo XC60"
"Alfa Romeo","Giulia","Sedan","Sportig premiumsedan med bakhjulsdriven karaktär och italiensk personlighet. En av få sedaner som vågar prioritera körglädje framför komfort. Finns även som AWD för svenska vinterförhållanden.","Bensin; Diesel","Tvåhjulsdrift; Fyrhjulsdrift","5","Mycket karaktär och körkänsla; Snygg design; Bra balans i chassit","Svagare andrahandsvärde; Begränsat servicenät; Mindre praktisk än tyska rivaler","Entusiasten som vill ha annorlunda premiumsedan; Den som värdesätter karaktär över rationalitet","for_premium: BMW 3-serie"
"Alfa Romeo","Stelvio","SUV","Sportig premium-SUV med italiensk själ. Bygger på samma plattform som Giulia och erbjuder ovanligt god körkänsla för en SUV. Quadrifoglio-versionen är en av segmentets vassaste prestanda-SUV:ar.","Bensin; Diesel","Tvåhjulsdrift; Fyrhjulsdrift","5","Sportig att köra för att vara SUV; Karaktärsfull design; Bra prestanda","Dyr service; Svagare återförsäljarnät; Lägre andrahandsvärde","Den som vill ha sportig SUV med karaktär; Föraren som tröttnat på tysk standard","for_pragmatik: BMW X3"
"Audi","A1","Halvkombi","Liten premiumbil för stad och pendling. Bygger på samma plattform som VW Polo men med Audis interiör och designspråk. Bra ergonomi och låg förbrukning gör den till en trygg vardagsbil.","Bensin","Tvåhjulsdrift","5","Premiumkänsla i kompakt format; Smidig i stad; Låg förbrukning","Trång baksäte; Litet bagage; Dyra tillval","Stadsboende som vill ha premiummärke; Pendlare med korta sträckor","for_korgladje: MINI Cooper"
"Audi","A3","Halvkombi/Sedan","Kompakt premiumbil som finns som både halvkombi (Sportback) och sedan. Bred motorpalett med allt från snål mildhybrid till sportig S3 och RS3. Bra balans mellan komfort, körning och förbrukning.","Bensin; Diesel; Mildhybrid; Laddhybrid","Tvåhjulsdrift; Fyrhjulsdrift","5","Mycket bra interiör och teknik; Bred motorflora; Bra andrahandsvärde","Dyra tillval; Anonym design; Mindre rolig att köra än BMW","Tjänstebilsföraren; Småfamiljen som vill ha premium","for_korgladje: BMW 1-serie"
"Audi","A4 Avant","Kombi","Premiumkombi för vardag och långresa. Klassisk Audi-känsla med tyst kupé och bra långfärdskomfort. Quattro-versionerna är populära i Sverige för vinterföre och stabilitet.","Bensin; Diesel; Mildhybrid","Tvåhjulsdrift; Fyrhjulsdrift","5","Tyst och bekväm på motorvägen; Hög kvalitetskänsla; Bra med quattro i vintervädret","Konservativ design; Dyra tillval; Mindre sportig än BMW","Långpendlare; Tjänstebilsföraren; Familjer som kör mycket","for_sportighet: BMW 3-serie Touring"
"Audi","A5 Avant/Sportback","Kombi/Halvkombi","Snyggare och sportigare alternativ till A4. Tonad takprofil och mer expressiv design utan att förlora praktisk användning. Sportback har stor baklucka som öppnar enkelt åtkomst till bagaget.","Bensin; Diesel; Mildhybrid","Tvåhjulsdrift; Fyrhjulsdrift","5","Snyggare än A4; Bra balans komfort och sport; Praktisk Sportback-lösning","Mindre utrymme än A4 Avant; Dyrare än A4; Större tillval-frestelse","Den som vill ha designtyngd premium; Föraren utan stort bagagebehov","for_utrymme: Skoda Superb"
"Audi","A6 Avant","Kombi","Stor premiumkombi för långresor och tjänstebil. Mycket tyst kupé och hög komfort på motorväg. Quattro är vanligt i Sverige. Konkurrerar med BMW 5-serie Touring och Mercedes E-klass kombi.","Bensin; Diesel; Mildhybrid; Laddhybrid","Tvåhjulsdrift; Fyrhjulsdrift","5","Extremt tyst på motorväg; Stort bagage; Hög kvalitetskänsla","Dyra tillval och service; Stor i stad; Tung som laddhybrid","Långpendlare; Tjänstebilsföraren; Familjer med mycket bagage","for_korgladje: BMW 5-serie Touring"
"Audi","A7 Sportback","Halvkombi","Designorienterad GT-bil med stor baklucka och flytande linjer. Mer fokus på utseende än praktiskhet jämfört med A6. Populär bland tjänstebilsförare som vill ha något som sticker ut.","Bensin; Diesel; Mildhybrid; Laddhybrid","Tvåhjulsdrift; Fyrhjulsdrift","5","Mycket snygg design; Hög komfort; Praktisk halvkombi-lösning","Dyr med utrustning; Mindre huvudutrymme bak; Lägre andrahandsvärde än A6","Designorienterade tjänstebilsförare; Den som vill sticka ut","for_sportighet: BMW 8-serie Gran Coupé"
"Audi","A8","Sedan","Audis flaggskepp och en av världens mest avslappnade långfärdsbilar. Diskret lyx utan att skrika om det. Mycket teknik, hög komfort och tyst kupé. Tappar dock värde snabbt och blir dyr att äga efter garantitiden.","Bensin; Mildhybrid; Laddhybrid","Fyrhjulsdrift","5","Fantastiskt tyst kupé; Extrem komfort; Diskret lyx","Mycket dyr efter garanti; Stor i stad; Värdetapp","Den som värdesätter diskret lyx; Chaufförsdriven användning","for_korning: BMW 7-serie"
"Audi","Q2","SUV","Audis minsta SUV för stadsanvändning. Liten utvändigt men begränsat utrymme invändigt. Mer designprodukt än praktisk familjebil. Bra för den som vill ha SUV-känsla i kompakt format.","Bensin; Diesel","Tvåhjulsdrift; Fyrhjulsdrift","5","Smidig i stad; Premiumkänsla; Bra parkeringsegenskaper","Begränsat baksäte; Litet bagage; Dyr för storleken","Stadsboende som vill ha SUV-känsla; Singel eller par","for_korgladje: MINI Countryman"
"Audi","Q3","SUV","Kompakt premium-SUV som passar småfamiljen. Quattro-versionerna är populära i Sverige. Bra balans mellan storlek och praktisk användning. Finns även som sportbacken med sportigare design.","Bensin; Diesel; Mildhybrid; Laddhybrid","Tvåhjulsdrift; Fyrhjulsdrift","5","Bra kvalitetskänsla; Enkel att köra; Quattro funkar bra i vinter","Mindre rolig än BMW X1; Dyr med tillval","Småfamiljen; Den som vill ha kompakt SUV med premiummärke","for_korgladje: BMW X1"
"Audi","Q4 e-tron","SUV","Audis elektriska kompakt-SUV, byggd på samma plattform som VW ID.4. Bekväm och enkel familje-EV men inte lika effektiv som Tesla Model Y. Sportback-versionen har snyggare takprofil.","El","Tvåhjulsdrift; Fyrhjulsdrift","5","Bekväm och enkel att använda; Hög kvalitetskänsla; Bra som familje-EV","Lägre effektivitet än Tesla; Mjukvaran inte bäst i klassen; Dyr för räckvidden","Familjer som vill ha premium-EV; Den som vill ha enkel elbil utan teknikfokus","for_teknik: Tesla Model Y"
"Audi","Q5","SUV","Bekväm premium-SUV som många väljer som tjänstebil. Tyst, lättkörd och med god långfärdskomfort. Mindre sportig än BMW X3 men ofta mer avslappnad i vardagen.","Bensin; Diesel; Mildhybrid; Laddhybrid","Fyrhjulsdrift","5","Tyst kupé; Bra långfärdsbil; Hög kvalitetskänsla","Hög inköpskostnad; Dyr service; Inte mest rymlig i klassen","Tjänstebilsföraren; Familjer som värdesätter komfort","for_korkansla: BMW X3"
"Audi","Q7","SUV","Stor premium-SUV med plats för sju. Extremt bekväm på motorväg och bra dragbil. Tung och relativt dyr i drift, särskilt efter garantitiden.","Bensin; Diesel; Mildhybrid; Laddhybrid","Fyrhjulsdrift","7","Extremt bra långfärdskomfort; Sju säten; Stark dragbil","Dyr service; Hög förbrukning; Stor i stad","Storfamiljen; Den som drar släp eller husvagn","for_sportighet: BMW X5"
"Audi","Q8","SUV","Lyxig coupé-SUV ovanför Q7 i Audis sortiment. Mer fokus på design än praktiskhet. Mindre bagage och bara fem säten jämfört med Q7. Ofta vald för utseendets skull.","Bensin; Diesel; Mildhybrid","Fyrhjulsdrift","5","Hög komfort och tekniknivå; Snygg design; Premium-känsla","Mindre praktisk än Q7; Inga sju säten; Mycket dyr","Den som vill ha lyx-SUV med stil; Par utan stora familjebehov","for_familj: Audi Q7"
"Audi","RS3","Sedan/Halvkombi","Liten vardagsraket med fantastisk femcylindrig motor. Brutal acceleration tack vare quattro-grepp. Hård fjädring i vardagen men ofattbart snabb när det krävs.","Bensin","Fyrhjulsdrift","5","Karaktärfull femcylindrig motor; Brutal acceleration; Fyrhjulsdrift","Hård komfort; Dyr försäkring; Dyr drift","Entusiasten som vill ha vardagsraket; Den som värdesätter karaktär över fyrcylindriga rivaler","for_bakhjulsdrift: BMW M2"
"Audi","RS Q3","SUV","Brutal kompakt prestanda-SUV med samma femcylindriga motor som RS3. Sportback är snyggare men dyrare. Mer karaktär än de flesta tyska konkurrenter tack vare den unika motorn.","Bensin","Fyrhjulsdrift","5","Fantastisk femcylindrig motor; Brutal prestanda; Karaktär","Hård fjädring; Dyr drift; Mindre praktisk än vanlig Q3","Entusiasten som vill ha snabb SUV; Den som vill ha unik motor","for_balans: Porsche Macan"
"Audi","S3","Sedan/Halvkombi","Snabb premiumbil som fungerar året runt tack vare quattro. Bra balans mellan vardag och prestanda utan att vara lika brutal som RS3. Populär bland förare som vill ha en bil för alla väder.","Bensin","Fyrhjulsdrift","5","Bra balans vardag och prestanda; Fyrhjulsdrift året runt; Premium-känsla","Dyrare än Golf R; Mindre rolig än BMW M2","Allroundföraren; Den som vill ha snabb premium-vardag","for_korgladje: BMW M2"
"Audi","e-tron GT","Sedan","Audis sportiga el-GT, byggd på samma plattform som Porsche Taycan. En av marknadens snyggaste elbilar med hög komfort och stark prestanda. Begränsat bagage för storleken.","El","Fyrhjulsdrift","4","Extremt hög komfort och prestanda; Snygg design; Premium-känsla","Begränsat bagage; Mycket dyr; Tung","Den som vill ha snygg premium-EV; Föraren som söker karaktärsfull el-GT","for_korgladje: Porsche Taycan"
"BMW","1-serie","Halvkombi","Premiumkompakt med fokus på körkänsla. Senaste generationen är framhjulsdriven (utom M135i som har xDrive), vilket delar åsikter bland fans. Effektiva motorer och stilren design.","Bensin; Diesel; Mildhybrid","Tvåhjulsdrift; Fyrhjulsdrift","5","Rolig att köra; Premiumkänsla; Effektiva motorer","Inte längre bakhjulsdriven; Trång bak; Dyrare än konkurrenter","Pendlaren som vill ha premium-vardag; Den som vill ha mindre BMW","for_utrymme: Audi A3 Sportback"
"BMW","1-serie M135i","Halvkombi","Snabb hot hatch med xDrive och premiumkänsla. Inte lika engagerande som äldre bakhjulsdrivna 1M men brutalt effektiv på alla underlag. Stark vinterbil.","Bensin","Fyrhjulsdrift","5","Fyrhjulsdrift året runt; Premiumkänsla; Stark prestanda","Mindre engagerande än bakhjulsdrivet; Dyr","Allroundföraren; Den som vill ha snabb premium-vardag","for_korgladje: Golf R"
"BMW","2-serie Gran Coupé","Sedan","Sportig kompakt premiumsedan med snygg coupé-look. Bygger på samma plattform som 1-serie och är framhjulsdriven. Mer designorienterad än fokuserad på körkänsla.","Bensin; Diesel","Tvåhjulsdrift; Fyrhjulsdrift","5","Snygg coupé-design; Bra teknik; Smidig storlek","Inte lika bakhjulsdriven känsla som äldre BMW; Trång bak","Den som vill ha snygg liten premiumsedan","for_korning: Audi A3 Sedan"
"BMW","3-serie Touring","Kombi","Klassisk premiumkombi med fokus på körkänsla. Bakhjulsdrift som standard, xDrive som tillval. En av få kombis där föraren är prioriterad. Praktisk för familj och långresa.","Bensin; Diesel; Mildhybrid; Laddhybrid","Tvåhjulsdrift; Fyrhjulsdrift","5","Körglädje; Bra balans sport och komfort; Praktisk kombi","Dyrare än konkurrenter; Hårdare än Volvo; Kostsam service","Föraren som vill ha familjebil; Tjänstebilsföraren","for_komfort: Volvo V60"
"BMW","4-serie Gran Coupé","Halvkombi","Designorienterad version av 3-serie med stor baklucka. Finns även som elektrisk i4. Bra balans mellan vardag och sport men begränsat huvudutrymme bak på grund av takprofilen.","Bensin; Diesel; Mildhybrid; El (i4)","Tvåhjulsdrift; Fyrhjulsdrift","5","Bra balans sport och vardag; Snygg design; Praktisk halvkombi","Begränsat huvudutrymme bak; Dyrare än 3-serie","Designorienterade förare; Den som vill ha snyggare 3-serie","for_komfort: Audi A5 Sportback"
"BMW","5-serie Touring","Kombi","Premiumkombi för långresor och tjänstebil. Fantastisk långfärdskomfort kombinerat med BMW:s körkänsla. Mycket dyr med utrustning.","Bensin; Diesel; Mildhybrid; Laddhybrid","Tvåhjulsdrift; Fyrhjulsdrift","5","Fantastisk långfärdskomfort; Bra balans körning och komfort; Stort bagage","Mycket dyr med utrustning; Dyr service","Långpendlare; Tjänstebilsföraren med körglädjekrav","for_varde: Skoda Superb Combi"
"BMW","6-serie GT","Halvkombi","Långfärdsfokuserad GT-bil med ovanlig high-roof-design. Mycket bagage och bra komfort men splittrad design som inte passar alla. Nischad nu när modellen utgår.","Bensin; Diesel; Mildhybrid","Tvåhjulsdrift; Fyrhjulsdrift","5","Fantastisk komfort; Stort bagageutrymme; Praktisk höjd","Designen passar inte alla; Begränsad tillgänglighet","Långpendlare som vill ha utrymme; Den som värdesätter komfort över sport","for_klassisk_premium: 5-serie Touring"
"BMW","7-serie","Sedan","BMW:s flaggskepp och toppen av tysk premium. Extrem komfort och teknik, finns även som elektrisk i7. Tappar värde snabbt vilket gör begagnat intressant men dyrt att äga långsiktigt.","Bensin; Diesel; Mildhybrid; Laddhybrid; El (i7)","Tvåhjulsdrift; Fyrhjulsdrift","5","Extrem komfort och teknik; Lyxig kupé; Bra utrustning som standard","Mycket dyr långsiktigt; Stor och tung; Värdetapp","Den som värdesätter premium; Chaufförsdriven användning","for_diskret_lyx: Audi A8"
"BMW","i4","Halvkombi","BMW:s elektriska Gran Coupé. Behåller mycket av BMW:s körkänsla i elektrisk förpackning. Konkurrerar direkt med Tesla Model 3 och Polestar 2 men med mer premiumkänsla.","El","Tvåhjulsdrift; Fyrhjulsdrift","5","Premium-EV med körkänsla; Snygg design; Bra långfärdsbil","Mindre effektiv än Tesla; Begränsat bagage","Den som vill ha premium-EV; BMW-entusiasten som vill gå elektriskt","for_effektivitet: Tesla Model 3"
"BMW","i5","Sedan","Elektrisk version av 5-serien för tjänstebilsföraren. Fantastisk långfärdsbil och tekniknivå men tung och dyr med utrustning. Touring-versionen finns också.","El","Tvåhjulsdrift; Fyrhjulsdrift","5","Fantastisk långfärdsbil; Hög tekniknivå; Premium-känsla","Tung och dyr; Mindre effektiv än Tesla","Tjänstebilsföraren; Långpendlare som vill ha premium-EV","for_sportighet: Porsche Taycan"
"BMW","i7","Sedan","Elektrisk lyxlimousin med extrem komfort. Toppen av elektrisk lyx från BMW. Mycket dyr och tung men erbjuder oslagbar lugn på motorvägen.","El","Fyrhjulsdrift","5","Extrem komfort och teknik; Tyst kupé; Lyxig känsla","Mycket dyr; Stor och tung; Värdetapp","Den som värdesätter elektrisk lyx; Chaufförsdriven användning",""
"BMW","iX","SUV","BMW:s flaggskepp i el-SUV-klassen. Extrem komfort och teknik men kontroversiell design med stor njur-grill. En av marknadens bästa premium-elSUV:ar för långresor.","El","Fyrhjulsdrift","5","Extrem komfort; Hög tekniknivå; Bra långfärds-EV","Kontroversiell design; Dyr; Tung","Familjer som vill ha premium-EV; Långpendlare","for_diskret_design: Mercedes EQE SUV"
"BMW","iX1","SUV","Elektrisk version av X1 i kompakt premium-format. Bra balans mellan storlek, räckvidd och pris. Bygger på samma plattform som X1.","El","Fyrhjulsdrift","5","Premium-EV i kompakt format; Bra utrymme; Lätt att äga","Inte klassledande räckvidd; Begränsad effektivitet","Småfamiljen; Stadsboende som vill ha premium-EV","for_rackvidd: Tesla Model Y"
"BMW","X1","SUV","Kompakt premium-SUV som är populär som familjebil. Senaste generationen är rymligare än tidigare. xDrive25e som laddhybrid är populär för pendlare.","Bensin; Diesel; Mildhybrid; Laddhybrid","Tvåhjulsdrift; Fyrhjulsdrift","5","Enkel att leva med; Rymlig för storleken; Bra utrustningsnivå","Inte lika sportig som större BMW; Dyrare än volymmärken","Småfamiljen; Den som vill ha kompakt premium-SUV","for_komfort: Volvo XC40"
"BMW","X2","SUV","Sportigare och snyggare alternativ till X1 med coupé-tak. Mindre praktisk men mer designtyngd. Riktar sig mot förare utan stora familjebehov.","Bensin; Diesel; Mildhybrid; El","Tvåhjulsdrift; Fyrhjulsdrift","5","Snyggare design än X1; Sportigare känsla","Mindre praktisk än X1; Lägre takhöjd bak","Den som vill ha designtyngd kompakt-SUV","for_familj: BMW X1"
"BMW","X3","SUV","Klassisk mellansegment premium-SUV med fokus på körkänsla. Bäst i klassen att köra och bra som familjebil. Konkurrerar direkt med Audi Q5 och Mercedes GLC.","Bensin; Diesel; Mildhybrid; Laddhybrid; El","Fyrhjulsdrift","5","Mycket bra att köra för SUV; Bra balans sport och familj; Bred motorflora","Dyrare drift än volymmärken; Mindre tyst än Audi","Familjeföraren som vill ha körkänsla; Tjänstebilsföraren","for_komfort: Audi Q5"
"BMW","X4","SUV","Coupé-version av X3 med tonad takprofil. Mindre praktisk men sportigare design. Mindre bagage och baksäte än X3.","Bensin; Diesel; Mildhybrid","Fyrhjulsdrift","5","Sportigare design än X3; Bra balans komfort och prestanda","Mindre praktisk än X3; Lägre takhöjd bak","Den som vill ha designtyngd SUV","for_familj: BMW X3"
"BMW","X5","SUV","Stor premium-SUV och en av segmentets klassiker. Mycket bekväm långfärdsbil och stark dragbil. Finns som diesel, laddhybrid och bensin. Modeller med luftfjädring kan bli dyra att reparera.","Bensin; Diesel; Mildhybrid; Laddhybrid","Fyrhjulsdrift","5","Premiumkomfort; Stark dragbil; Bra långfärdsbil","Dyr drift; Luftfjädring kan bli dyr på sikt; Stor i stad","Långpendlare; Familjer med släp/husvagn; Den som värdesätter premium","for_sakerhet: Volvo XC90"
"BMW","X6","SUV","Sportig coupé-SUV med stark närvaro. Mindre praktisk än X5 men med distinkt design. Vänder sig till förare som prioriterar utseende.","Bensin; Diesel; Mildhybrid","Fyrhjulsdrift","5","Stark närvaro; Bekväm långfärdsbil; Sportig design","Mindre praktisk än X5; Tung; Dyr","Den som vill ha SUV med uppmärksamhet","for_familj: BMW X5"
"BMW","X7","SUV","BMW:s största SUV med sju säten. Konkurrerar med Mercedes GLS och Audi Q7. Extrem komfort och tekniknivå men stor och tung i stadsmiljö.","Bensin; Diesel; Mildhybrid","Fyrhjulsdrift","7","Extrem komfort; Sju säten; Hög tekniknivå","Mycket stor; Hög förbrukning; Dyr","Storfamiljen; Den som drar släp","for_diskret: Mercedes GLS"
"BMW","XM","SUV","Extrem hybrid-SUV och BMW:s mest exklusiva SUV. Label Red är toppversionen. Mycket kraft och lyx men kontroversiell design och mycket dyr.","Laddhybrid","Fyrhjulsdrift","5","Brutal kraft; Lyxig interiör; Unik design","Mycket tung och dyr; Polariserande design; Begränsad praktisk användning","Entusiasten som vill ha mest BMW; Den som söker exklusivitet","for_korning: Porsche Cayenne Turbo"
"BMW","Z4","Cabriolet","Öppen sportbil för sommarkörning. M40i har fantastisk rak sexa och bra körkänsla. Opraktisk som vardagsbil och delar plattform med Toyota Supra.","Bensin","Tvåhjulsdrift","2","Fantastisk rak sexa (M40i); Bra körkänsla; Öppen cabriolet-känsla","Opraktisk; Litet bagage; Endast två säten","Sommarbilen; Entusiasten med extra bil","for_precision: Porsche Boxster"
"BMW","M2","Coupé","Kompakt bakhjulsdriven sportbil och en av få M-modeller med manuell låda. Brutal balans och körkänsla i ett relativt litet paket. Vassare och billigare än M4.","Bensin","Tvåhjulsdrift","4","Bakhjulsdrift; Manuell låda finns; Brutal körkänsla","Hård fjädring; Begränsat baksäte; Hög förbrukning","Entusiasten som vill ha bakhjulsdriven sportbil","for_precision: Porsche Cayman"
"BMW","M4","Coupé","Brutal sportcoupé som klarar både vardag och bana. Competition xDrive är vanligaste valet. Mer komfortabel än M2 men dyrare att äga.","Bensin","Tvåhjulsdrift; Fyrhjulsdrift","4","Fantastisk komfort för sportbil; Stark prestanda; Bredd i användning","Hög försäkring; Dyr drift; Polariserande grill-design","Entusiasten som vill ha vardags-sportbil; Den som vill ha en bil för allt","for_precision: Porsche 911"
"BYD","Atto 3","SUV","Kompakt el-SUV från kinesiska BYD. Mycket utrustning för priset men medioker körupplevelse och svag premiumkänsla. Återförsäljarnätet växer men är fortfarande begränsat i Sverige.","El","Tvåhjulsdrift","5","Prisvärd; Mycket utrustning; Lång garanti","Medioker körupplevelse; Svag premiumkänsla; Begränsat återförsäljarnät","Den som vill ha mycket EV för pengarna; Familjer med strikt budget","for_korkansla: Kia EV3"
"BYD","Seal","Sedan","El-sedan som riktar sig mot Tesla Model 3 till lägre pris. Bra prestanda för pengarna men mjukvaran känns inte lika mogen som hos etablerade märken.","El","Tvåhjulsdrift; Fyrhjulsdrift","5","Lång räckvidd; Mycket prestanda för pengarna; Modern teknik","Okänt andrahandsvärde; Mjuk styrning; Mjukvara inte bäst","Den som vill ha mycket EV för pengarna; Förare som söker alternativ till Tesla","for_premium: BMW i4"
"BYD","Dolphin","Halvkombi","Billig elbil för stad och vardag. Comfort-versionen är mest prisvärd. Mycket utrustning för låg kostnad men begränsad premiumkänsla och ljudisolering.","El","Tvåhjulsdrift","5","Mycket utrustning för låg kostnad; Lätt att äga; Bra stadsbil","Begränsad ljudisolering; Svag premiumkänsla","Stadsboende med EV-behov; Pendlare med kort sträcka","for_korgladje: MG4"
"BYD","Han","Sedan","Lyxig el-sedan till aggressivt pris. Mycket utrustning och kraft men svagt premiumrykte i Europa än så länge. Konkurrerar prismässigt mot mellansegmentet men erbjuder lyx-format.","El","Tvåhjulsdrift; Fyrhjulsdrift","5","Mycket utrustning och kraft; Lyxig kupé för priset; Modern teknik","Svagt premiumrykte i Europa; Begränsat servicenät; Okänt andrahandsvärde","Den som vill ha lyxig EV till lägre pris","for_premium: BMW i5"
"BYD","Tang","SUV","Stor el-SUV med sju säten. Mycket utrustning för priset men hög förbrukning på motorväg och okänt långsiktigt värde i Europa.","El","Fyrhjulsdrift","7","Sju säten; Mycket utrustning; Prisvärd","Hög motorvägs-förbrukning; Begränsat servicenät; Tung","Storfamiljen med EV-behov","for_premium: Kia EV9"
"BYD","Yuan Plus","SUV","Kompakt el-SUV även känd som Atto 3 i vissa marknader. Mycket utrustning för priset men svag premiumkänsla.","El","Tvåhjulsdrift","5","Mycket utrustning för priset; Bra räckvidd","Svag premiumkänsla; Begränsat återförsäljarnät","Den som vill ha billig el-SUV","for_kvalitet: Hyundai Kona Electric"
"Citroën","Berlingo","Familjevan","Praktisk familje- och arbetsbil. Finns även som elektrisk (e-Berlingo). Mycket utrymme och flexibel inredning men inte särskilt fokuserad på körkänsla.","Bensin; Diesel; El","Tvåhjulsdrift","5","Mycket utrymme; Flexibel inredning; Prisvärd","Inte premium; Mer transportbil än personbil","Aktiva familjer; Hundägare; Hantverkare",""
"Citroën","C3 Aircross","SUV","Liten mjuk familjecrossover med fokus på komfort. Citroëns Advanced Comfort-suspension ger ovanligt mjuk gång. Inte särskilt dynamisk att köra.","Bensin; Mildhybrid; Laddhybrid","Tvåhjulsdrift","5","Bekväm i låg fart; Mjuk fjädring; Prisvärd","Inte särskilt dynamisk; Lågt premiuminnehåll","Den som värdesätter komfort över sport; Stadspendlare","for_design: Peugeot 2008"
"Citroën","C5 Aircross","SUV","Familje-SUV med tydligt komfortfokus. Mjuk fjädring och bekväma säten gör den till en avslappnad långfärdsbil. Inte särskilt inspirerande att köra.","Bensin; Laddhybrid","Tvåhjulsdrift","5","Väldigt mjuk fjädring; Bekväma säten; Bra långfärdsbil","Inte särskilt inspirerande att köra; Anonym design","Familjer som värdesätter komfort; Långpendlare","for_design: Peugeot 3008"
"Citroën","e-C4","Halvkombi","Elektrisk halvkombi med mjuk komfort. Bra stadsbil men begränsad räckvidd för långresor. Senaste generationen har förbättrats men hänger fortfarande efter klassledare.","El; Bensin; Mildhybrid","Tvåhjulsdrift","5","Mjuk komfort; Bekväma säten; Bekväm i stad","Begränsad räckvidd; Mindre effektiv än rivaler","Stadsboende; Pendlare med kort sträcka","for_effektivitet: MG4"
"Citroën","SpaceTourer","Familjevan","Stor familje- eller shuttlebil med plats för många passagerare. Mycket utrymme och komfort men stor och klumpig i stadsmiljö.","Diesel; El","Tvåhjulsdrift","9","Mycket plats och komfort; Bra för stora familjer; Flexibel inredning","Stor och klumpig i stad; Hög förbrukning","Storfamiljen; Shuttle- eller taxi-användning","for_premium: Mercedes V-klass"
"Cupra","Born","Halvkombi","Sportigare elbil baserad på samma plattform som VW ID.3. Mer fokus på design och körkänsla. Mjukvaran har haft vissa barnsjukdomar.","El","Tvåhjulsdrift","5","Sportig design och känsla; Roligare än ID.3; Bra räckvidd","Inte lika praktisk som SUV-rivaler; Mjukvarubuggar tidigare","Den som vill ha sportig el-vardagsbil","for_komfort: Volkswagen ID.3"
"Cupra","Formentor","SUV","Sportig kompakt-SUV med expressiv design. VZ-versionerna är roligast med stark prestanda. Begränsad sikt bakåt och fast komfort i hård utrustning.","Bensin; Mildhybrid; Laddhybrid","Tvåhjulsdrift; Fyrhjulsdrift","5","Sportig design; Bra köregenskaper; AWD finns","Begränsad sikt bakåt; Fast komfort i sportversioner; Dyr i hög utrustning","Sportiga föraren; Den som vill ha annorlunda SUV",""
"Cupra","Leon","Halvkombi/Kombi","Sportigare Golf-alternativ från Seats prestandamärke. VZ-versionen ger riktig hot-hatch-känsla. Finns som halvkombi och kombi.","Bensin; Mildhybrid; Laddhybrid","Tvåhjulsdrift","5","Rolig att köra; Snygg design; Bra prestanda","Fast komfort; Enklare interiör än VW","Sportiga föraren med vardagsbehov","for_premium: Audi A3"
"Cupra","Ateca","SUV","Sportigare version av Seat Ateca med starkare motor. VZ-versionen är roligare än de flesta SUV:ar att köra. Börjar kännas äldre invändigt.","Bensin","Fyrhjulsdrift","5","Roligare att köra än de flesta SUV:ar; Bra prestanda; AWD som standard i VZ","Börjar kännas äldre invändigt; Begränsad utbud","Sportiga föraren som vill ha SUV","for_premium: BMW X2 M35i"
"Cupra","Terramar","SUV","Sportigare alternativ till VW Tiguan. Snygg design och bra teknik men dyrare än vanliga Seat-modeller.","Bensin; Mildhybrid; Laddhybrid","Tvåhjulsdrift; Fyrhjulsdrift","5","Snygg design; Bra teknik; Sportig karaktär","Dyrare än vanliga Seat-modeller","Den som vill ha sportig familje-SUV","for_premium: Audi Q5"
"Cupra","Tavascan","SUV","Sportig el-SUV som bygger på samma plattform som VW ID.4 men med mer karaktär. Roligare än många VW-elbilar men begränsat bagage mot vissa rivaler.","El","Tvåhjulsdrift; Fyrhjulsdrift","5","Sportig karaktär; Bra teknik; Roligare än VW-syskon","Begränsat bagage mot vissa rivaler","Den som vill ha sportig el-SUV","for_komfort: Skoda Enyaq"
"Dacia","Sandero","Halvkombi","Marknadens billigaste nya bil. Stepway-versionen har crossover-look. Mycket bil för pengarna men ingen premiumkänsla alls.","Bensin; Mildhybrid; LPG","Tvåhjulsdrift","5","Mycket låg ägandekostnad; Praktisk för storleken; Bra garanti","Ingen premiumkänsla; Enklare säkerhetspaket","Förstabilskunden; Budgetmedvetna familjer","for_kvalitet: Toyota Yaris"
"Dacia","Duster","SUV","Billig SUV med riktig terrängkapacitet i AWD-version. Robust och prisvärd men enkel interiör och låg premiumkänsla.","Bensin; Mildhybrid; LPG","Tvåhjulsdrift; Fyrhjulsdrift","5","Robust; Prisvärd; Riktig AWD-kapacitet","Enkel interiör; Låg premiumkänsla; Bullrigare än rivaler","Den som vill ha SUV på en budget; Lantbruksanvändning","for_komfort: Suzuki Vitara"
"Dacia","Spring","Halvkombi","Billigast nya elbilen på marknaden. Extreme-versionen är vanligaste valet. Mycket låg driftkostnad men svag motor och enkel säkerhet.","El","Tvåhjulsdrift","4","Extremt låg driftkostnad; Lätt att parkera; Bra som andrabil","Svag motor; Enkel säkerhet; Kort räckvidd","Stadsboende med EV-behov; Andra-bil i hushållet","for_kvalitet: Renault 5 E-Tech"
"Fiat","500e","Halvkombi","Snygg och smidig stads-elbil. Charmig design och lätt att parkera. För liten för familj men perfekt för stadspendling.","El","Tvåhjulsdrift","4","Charmig design; Lätt att parkera; Bra stadsbil","För liten för familj; Begränsat bagage; Kort räckvidd","Stadsboende; Andra-bil","for_storlek: MG 4"
"Fiat","600","SUV","Liten SUV för stadskörning. Finns även som elektrisk. Enkel att parkera och billig att köra men begränsat utrymme.","Bensin; Mildhybrid; El","Tvåhjulsdrift","5","Enkel att parkera; Billig att köra; Snygg design","Begränsat utrymme; Lägre kvalitetskänsla","Stadsboende; Singel eller par","for_rackvidd: Hyundai Kona Electric"
"Fiat","500X","SUV","Liten crossover med italiensk stil. Mer designprodukt än praktiskt fordon. Börjar kännas äldre i tekniken.","Bensin; Mildhybrid","Tvåhjulsdrift; Fyrhjulsdrift","5","Italiensk stil; Bra storlek för stad","Börjar kännas äldre; Mindre praktisk än rivaler","Den som vill ha designorienterad liten SUV","for_kvalitet: Audi Q2"
"Fiat","Tipo Cross","Halvkombi","Billig och enkel familjebil. Mycket bil för pengarna men enklare kvalitetskänsla och teknik än vanligare märken.","Bensin; Mildhybrid","Tvåhjulsdrift","5","Mycket bil för pengarna; Enkel att äga","Enkel kvalitetskänsla; Mindre uppdaterad teknik","Budgetmedvetna familjer","for_kvalitet: Toyota Corolla"
"Fiat","Doblo","Familjevan","Billig och praktisk familjebil eller arbetsbil. Diesel är vanligt val för långkörning. Mycket utrymme för pengarna men enkel komfort.","Diesel; El","Tvåhjulsdrift","5","Mycket plats för pengarna; Praktisk; Flexibel","Enkel komfort; Bullrig i fart","Aktiva familjer; Hantverkare med budget","for_premium: Mercedes T-klass"
"Fiat","Panda 4x4","Halvkombi","Liten charmig vinterbil med riktig fyrhjulsdrift. Tar sig fram överallt trots litet format. Enkel komfort och gammal teknik.","Bensin; Mildhybrid","Fyrhjulsdrift","5","Tar sig fram överallt; Charmig; Smidig i stad","Enkel komfort; Gammal teknik; Bullrig","Boende i kuperad terräng; Andra-bil för vintern","for_vardag: Suzuki Ignis"
"Ford","Focus","Halvkombi/Kombi","En av klassens roligaste vardagsbilar att köra. Fantastiskt chassi och styrning. Finns även som kombi. Interiören känns enklare än VW Golf.","Bensin; Diesel; Mildhybrid","Tvåhjulsdrift","5","Mycket bra chassi och styrning; Kul att köra; Bra utrymme","Enklare interiör än Golf; Modellen utgår snart","Föraren som vill ha rolig vardagsbil","for_komfort: Volkswagen Golf"
"Ford","Focus ST","Halvkombi","Rolig hot hatch för vardagen med Fords klassiska chassi-finess. Manuell version är förstaval för entusiaster. Hård fjädring i stadsfart.","Bensin","Tvåhjulsdrift","5","Fantastiskt chassi; Manuell finns; Stark prestanda","Hård fjädring i stad; Modellen utgår","Entusiasten som vill ha rolig vardagsbil","for_premium: Golf GTI"
"Ford","Fiesta ST","Halvkombi","En av världens roligaste småbilar att köra. Manuell version är förstaval. Hård i vardagen och liten för familj. Utgången modell, finns endast begagnat.","Bensin","Tvåhjulsdrift","5","Fantastiskt chassi; Mycket körglädje för pengarna; Karaktärsfull","Hård i vardagen; Liten för familj; Endast begagnat","Entusiasten med körglädjefokus","for_premium: MINI JCW"
"Ford","Kuga","SUV","Rymlig och prisvärd familje-SUV. Laddhybriden är populär för pendlare. Bekväm och enkel att leva med men inte premium.","Bensin; Mildhybrid; Laddhybrid","Tvåhjulsdrift; Fyrhjulsdrift","5","Rymlig; Bra laddhybrid; Komfortabel","Plastig interiör; Inte sportig; Medelmåttig infotainment","Familjependlaren; Den som vill ha mycket SUV för pengarna","for_premium: BMW X1"
"Ford","Puma","SUV","Liten SUV som känns rolig att köra. Smart bagagelösning med extra utrymme under golvet. Finns även som elektrisk.","Bensin; Mildhybrid; El","Tvåhjulsdrift","5","Rolig att köra för SUV; Smart bagagelösning; Snygg design","Begränsat baksäte; Plastig interiör","Småfamiljen; Den som vill ha kompakt SUV med karaktär","for_komfort: Volkswagen T-Cross"
"Ford","Mustang","Coupé/Cabriolet","Amerikansk muskelbil med V8-karaktär. GT V8 är den 'riktiga' versionen. Inte praktisk men full av karaktär och ljud. Nu även som EV under Mach-E-namnet.","Bensin","Tvåhjulsdrift","4","V8-karaktär; Ikonisk design; Rolig ljudbild","Hög förbrukning; Trång bak; Inte praktisk","Entusiasten som vill ha klassisk muskelbil","for_precision: Porsche 718 Cayman"
"Ford","Mustang Mach-E","SUV","Sportig el-SUV med bra räckvidd. Roligare att köra än Tesla Model Y men laddnätverket är svagare. AWD Long Range är vanligaste valet.","El","Tvåhjulsdrift; Fyrhjulsdrift","5","Roligare att köra än Model Y; Bra räckvidd; Snygg design","Svagare laddnätverk än Tesla; Mindre effektiv","Den som vill ha sportig el-SUV","for_teknik: Tesla Model Y"
"Ford","Explorer EV","SUV","Europeisk el-SUV byggd på samma plattform som VW ID.4. Bekväm och modern interiör men inte lika effektiv som Tesla.","El","Tvåhjulsdrift; Fyrhjulsdrift","5","Bekväm; Modern interiör; Rymlig","Inte lika effektiv som Tesla; Begränsad räckvidd","Familjer som vill ha europeisk el-SUV","for_laddning: Tesla Model Y"
"Ford","Ranger","Pickup","Pickup för arbete och drag. Wildtrak diesel är vanligaste valet i Sverige. Stark dragkapacitet och robust känsla men stor och opraktisk i stad.","Diesel","Fyrhjulsdrift","5","Stark dragkapacitet; Robust; Bra arbetsfordon","Stor och opraktisk i stad; Hög förbrukning","Hantverkare; Den som drar tunga släp","for_komfort: Volkswagen Amarok"
"Genesis","G80","Sedan","Lyxsedan från Hyundais premiummärke. Mycket hög kvalitetskänsla och utrustning men svagt återförsäljarnät i Europa. Finns även som elektrifierad.","Bensin; Diesel; El","Tvåhjulsdrift; Fyrhjulsdrift","5","Mycket hög kvalitetskänsla; Bra utrustning; Sticker ut från tysk standard","Svagt återförsäljarnät; Lägre andrahandsvärde; Okänt märke","Den som vill ha lyxbil som sticker ut","for_andrahandsvarde: BMW 5-serie"
"Genesis","Electrified G80","Sedan","Diskret elektrisk lyxsedan. Mycket hög komfort och kvalitet men begränsat servicenät i Europa.","El","Fyrhjulsdrift","5","Mycket hög komfort; Hög kvalitet; Diskret design","Begränsat servicenät; Okänt långsiktigt värde","Den som vill ha diskret el-lyxsedan","for_teknik: BMW i5"
"Genesis","GV60","SUV","Premium-elSUV med distinkt design. Bygger på samma plattform som Hyundai IONIQ 5 och Kia EV6. Mycket hög kvalitetskänsla men begränsat servicenät i Europa.","El","Tvåhjulsdrift; Fyrhjulsdrift","5","Mycket hög kvalitetskänsla; Snabb laddning; Unik design","Begränsat servicenät i Europa; Lägre andrahandsvärde","Den som vill ha unik premium-EV","for_andrahandsvarde: BMW iX3"
"Genesis","GV70","SUV","Premium-SUV som sticker ut från tyska konkurrenter. Mycket hög kvalitetskänsla för priset. Finns även som elektrifierad.","Bensin; Diesel; El","Tvåhjulsdrift; Fyrhjulsdrift","5","Hög kvalitetskänsla för priset; Sticker ut; Bra utrustning","Begränsat servicenät; Lägre andrahandsvärde","Den som vill ha annorlunda premium-SUV","for_premium: Mazda CX-60"
"Genesis","GV80","SUV","Stor lyx-SUV utan tysk standarddesign. Extremt hög kvalitetskänsla men begränsat servicenät i Europa.","Bensin; Diesel; El","Tvåhjulsdrift; Fyrhjulsdrift","7","Extremt hög kvalitetskänsla; Sju säten finns; Unik design","Begränsat servicenät; Lägre andrahandsvärde","Den som vill ha unik lyx-SUV","for_andrahandsvarde: BMW X5"
"Honda","Civic","Halvkombi/Sedan","Pålitlig och rolig vardagsbil i kompaktklassen. Senaste generationen är endast hybrid och har bra balans mellan ekonomi och körning.","Hybrid","Tvåhjulsdrift","5","Bra balans mellan ekonomi och körning; Pålitlig; Karaktärsfull design","Begränsat bagage mot kombis; Begränsat motorutbud","Den som vill ha pålitlig vardagsbil","for_utrymme: Skoda Octavia"
"Honda","Civic Type R","Halvkombi","Bästa framhjulsdrivna sportbilen enligt många. Manuell låda är hela poängen. Extrem precision och körglädje men hög prislapp för en Civic.","Bensin","Tvåhjulsdrift","5","Extrem precision och körglädje; Manuell låda; Bra praktisk användning som sportbil","Hög prislapp för en Civic; Polariserande design; Hård fjädring","Entusiasten med fokus på chassi","for_awd: Golf R"
"Honda","Jazz","Halvkombi","Smart liten bil med ovanligt stort invändigt utrymme tack vare 'Magic Seats'. Hybridversionen är förstaval. Inte inspirerande att köra.","Hybrid","Tvåhjulsdrift","5","Överraskande praktisk; Magic Seats; Låg förbrukning","Inte inspirerande att köra; Anonym design","Äldre förare; Den som vill ha praktisk småbil","for_premium: MINI Cooper"
"Honda","HR-V","SUV","Kompakt hybrid-SUV. Hybridversionen är förstaval. Inte särskilt snabb eller premium men pålitlig och driftsäker.","Hybrid","Tvåhjulsdrift","5","Driftsäker; Låg förbrukning; Praktisk","Inte särskilt snabb eller premium; Anonym design","Den som vill ha pålitlig hybrid-SUV","for_design: Mazda CX-30"
"Honda","ZR-V","SUV","Hybrid-SUV mellan HR-V och CR-V i Hondas sortiment. Bra balans mellan storlek och förbrukning men inte särskilt utstickande design.","Hybrid","Tvåhjulsdrift","5","Bra storlek; Låg förbrukning; Driftsäker hybrid","Anonym design; Inte inspirerande att köra","Familjer som vill ha pålitlig SUV","for_design: Mazda CX-5"
"Honda","e","Halvkombi","Charmig elbil för stad med unik retro-design. Advance-versionen är vanligaste valet. För kort räckvidd för långresor. Utgår men finns begagnat.","El","Tvåhjulsdrift","4","Fantastisk design; Smidig i stad; Karaktärsfull","Kort räckvidd; Begränsad praktisk användning; Dyr för storleken","Stadsboende med EV-behov; Designorienterad köpare","for_praktisk_anvandning: MINI Electric"
"Honda","Prelude","Coupé","Kommande sportig hybrid-coupé som återupplivar ett klassiskt namn. Fokus på balans snarare än rå kraft. Begränsad praktisk användning.","Hybrid","Tvåhjulsdrift","4","Fokus på balans; Karaktärsfull","Begränsad praktisk användning; Mindre kraft än rivaler","Entusiasten som vill ha hybrid-coupé","for_ren_sport: Toyota GR86"
"Hyundai","i10","Halvkombi","Enkel och billig stadsbil. Automatversionen är populär. Lätt att parkera och äga med bra garanti.","Bensin","Tvåhjulsdrift","5","Lätt att parkera; Billig att äga; Bra garanti","Inte särskilt rolig; Begränsade säkerhetspaket","Stadsboende; Förstabilskunden","for_kvalitet: Toyota Aygo X"
"Hyundai","i20","Halvkombi","Liten halvkombi som klättrat i kvalitet senaste generationen. Mildhybrid är förstaval för låg förbrukning.","Bensin; Mildhybrid","Tvåhjulsdrift","5","Bra garanti; Modern interiör; Låg förbrukning","Anonym design; Inte inspirerande att köra","Stadsboende; Förstabilskunden",""
"Hyundai","i20 N","Halvkombi","Liten hot hatch med manuell växellåda. Extremt lekfull att köra men hård fjädring i vardagen.","Bensin","Tvåhjulsdrift","5","Lekfull att köra; Manuell finns; Bra garanti","Hård fjädring; Begränsad i vardagen","Entusiasten med fokus på chassi","for_premium: MINI JCW"
"Hyundai","i30","Halvkombi","Enkel och prisvärd vardagsbil. Mildhybrid är förstaval. Bra garanti och låg ägandekostnad men inte lika premium som Golf.","Bensin; Mildhybrid","Tvåhjulsdrift","5","Bra garanti; Låg ägandekostnad; Praktisk","Inte lika premium som Golf","Småfamiljen; Pendlaren med budget","for_korgladje: Ford Focus"
"Hyundai","i30 Wagon","Kombi","Billig och praktisk kombi. Mildhybrid automat är vanligaste valet. Bra garanti och låg driftkostnad.","Bensin; Mildhybrid","Tvåhjulsdrift","5","Bra garanti; Låg driftkostnad; Praktisk","Inte lika premium som Golf Variant","Familjer med budget; Praktiska pendlare","for_korgladje: Ford Focus Combi"
"Hyundai","Bayon","SUV","Liten crossover ovanför i20. Mildhybrid är förstaval. Enkel att äga och billig i drift men känns enkel invändigt.","Bensin; Mildhybrid","Tvåhjulsdrift","5","Enkel att äga; Billig i drift; Bra garanti","Enkel invändigt; Anonym","Stadsboende som vill ha crossover","for_kvalitet: Toyota Yaris Cross"
"Hyundai","Inster","SUV","Liten billig elbil för stad. Long Range är förstaval för längre räckvidd. Smidig och låg driftkostnad men begränsat utrymme.","El","Tvåhjulsdrift","4","Mycket låg driftkostnad; Smidig; Bra stadsbil","Begränsat utrymme; Kort räckvidd i basversionen","Stadsboende med EV-behov; Andra-bil",""
"Hyundai","Kona","SUV","Prisvärd kompakt-SUV. Finns som bensin, hybrid och elektrisk. Låg driftkostnad och enkel att köra men små baksäten för familj.","Bensin; Mildhybrid; Hybrid; El","Tvåhjulsdrift; Fyrhjulsdrift","5","Effektiv; Prisvärd; Bra teknik","Små baksäten; Mindre premium än rivaler","Pendlaren; Småfamiljen","for_utrymme: Kia Niro"
"Hyundai","Kona Electric","SUV","Elektrisk version av Kona. 65 kWh-versionen är förstaval för bra räckvidd. Mycket låg förbrukning men inte särskilt rymlig bak.","El","Tvåhjulsdrift","5","Mycket låg förbrukning; Bra räckvidd; Lätt att äga","Inte särskilt rymlig bak","EV-pendlaren; Småfamiljen med EV-behov",""
"Hyundai","Tucson","SUV","Modern familje-SUV med distinkt design. Laddhybriden är populär för pendlare. Rymlig och bekväm men känns stor i stad.","Bensin; Mildhybrid; Hybrid; Laddhybrid","Tvåhjulsdrift; Fyrhjulsdrift","5","Mycket utrustning; Rymlig; Bekväm","Stor i stad; Polariserande design","Familjependlaren","for_premium: Volvo XC60"
"Hyundai","Santa Fe","SUV","Stor familje-SUV med plats för sju i nya generationen. Hybrid AWD är vanligaste valet i Sverige. Bekväm och rymlig men stor.","Hybrid; Laddhybrid","Tvåhjulsdrift; Fyrhjulsdrift","7","Mycket bekväm och rymlig; Sju säten; Bra hybrid","Stor i stad och parkering; Polariserande design","Storfamiljen","for_premium: Volvo XC90"
"Hyundai","IONIQ 5","SUV","Modern elbil med retro-futuristisk design. Long Range AWD är vanligaste valet. Bekväm och modern interiör med 800V-laddning. Bygger på samma plattform som Kia EV6.","El","Tvåhjulsdrift; Fyrhjulsdrift","5","Bekväm och modern; Snabb laddning (800V); Karaktärsfull design","Stor bil som känns bred i stad; Begränsad sikt bakåt","Familjer som vill ha modern EV","for_sportighet: Kia EV6"
"Hyundai","IONIQ 5 N","SUV","Sportig elbil baserad på IONIQ 5. Otroligt rolig för att vara EV med simulerad växellåda och 'motor-ljud'. Hög förbrukning vid hård körning.","El","Fyrhjulsdrift","5","Mycket rolig att köra; Karaktärsfull simulerade ljud; Stark prestanda","Hög förbrukning vid hård körning; Dyr","Entusiasten som vill ha sportig EV","for_premium: Porsche Taycan"
"Jeep","Avenger","SUV","Liten SUV med tuff Jeep-design. Finns även som elektrisk. Smidig i stad och lätt att parkera men inte rymlig för familj.","Bensin; Mildhybrid; El","Tvåhjulsdrift; Fyrhjulsdrift","5","Tuff design; Smidig i stad; Lätt att parkera","Inte rymlig för familj; Begränsad räckvidd som EV","Stadsboende med Jeep-känsla","for_komfort: Peugeot e-2008"
"Jeep","Wrangler","Terrängbil","Riktig terrängbil och livsstilsbil. Rubicon är förstaval för offroad. Oslagbar i terräng men bullrig och opraktisk på motorväg.","Bensin; Laddhybrid","Fyrhjulsdrift","4","Oslagbar i terräng; Ikonisk design; Avtagbart tak","Bullrig på motorväg; Opraktisk i stad; Hög förbrukning","Off-road-entusiasten; Den som vill ha livsstilsbil","for_vardag: Land Rover Defender"
"Kia","Picanto","Halvkombi","Billig och lättkörd småbil. GT-Line är topputrustning. Smidig för stad och billig att äga med Kias 7-årsgaranti.","Bensin","Tvåhjulsdrift","5","Smidig; Billig; Bra garanti","Inte särskilt rolig; Begränsade säkerhetspaket","Stadsboende; Förstabilskunden","for_kvalitet: Toyota Aygo X"
"Kia","Sportage","SUV","Mycket SUV för pengarna med distinkt design. Hybrid AWD är populär. Rymlig och bra utrustad med Kias 7-årsgaranti.","Bensin; Mildhybrid; Hybrid; Laddhybrid","Tvåhjulsdrift; Fyrhjulsdrift","5","Rymlig; Bra utrustad; Bra garanti","Mindre premium än tyska; Polariserande design","Familjer med fokus på utrustning","for_komfort: Volvo XC60"
"Kia","XCeed","SUV","Crossover utan stor SUV-känsla. Laddhybriden är populär. Bekväm och lätt att leva med men inte lika praktisk som Sportage.","Bensin; Mildhybrid; Laddhybrid","Tvåhjulsdrift","5","Bekväm; Snygg design; Bra garanti","Inte lika praktisk som Sportage","Den som vill ha crossover utan stor SUV","for_korgladje: Cupra Leon"
"Kia","Sorento","SUV","Stor SUV med sju säten. Laddhybriden är förstaval i Sverige. Mycket utrustning för pengarna och bra dragbil.","Diesel; Hybrid; Laddhybrid","Tvåhjulsdrift; Fyrhjulsdrift","7","Sju säten; Mycket utrustning; Bra garanti","Stor i stad; Hög inköpskostnad","Storfamiljen",""
"Kia","Stinger","Sedan","Underskattad GT-bil med V6 AWD som toppversion. Mycket prestanda för pengarna men begränsat andrahandsvärde. Modellen utgår.","Bensin","Tvåhjulsdrift; Fyrhjulsdrift","5","Mycket prestanda för pengarna; Karaktärsfull design; Snabb","Begränsat andrahandsvärde; Modellen utgår","Entusiasten som vill ha annorlunda GT","for_premium: BMW 4-serie Gran Coupé"
"Kia","ProCeed","Kombi","Snygg shooting brake till rimligt pris. GT-Line är populär. Sportigare känsla än vanlig Ceed men begränsat baksäte.","Bensin; Mildhybrid","Tvåhjulsdrift","5","Snygg design; Sportig känsla; Bra garanti","Begränsat baksäte; Begränsad praktisk användning","Designorienterade förare",""
"Kia","Soul EV","SUV","Annorlunda och praktisk liten elbil. Long Range är förstaval. Överraskande rymlig invändigt men designen delar åsikter.","El","Tvåhjulsdrift","5","Rymlig invändigt; Praktisk; Bra garanti","Polariserande design; Inte klassledande räckvidd","Den som vill ha annorlunda EV","for_premium: Volvo EX30"
"Kia","EV3","SUV","Kompakt familje-elbil med bra räckvidd. Long Range är förstaval. Modern och praktisk för storleken.","El","Tvåhjulsdrift","5","Modern och praktisk; Bra räckvidd; Snygg design","Inte lika snabb som EV6","Småfamiljen med EV-behov","for_sportighet: Cupra Born"
"Kia","EV6","SUV","Sportig elbil baserad på samma plattform som Hyundai IONIQ 5. Snabb laddning (800V) och stark prestanda. GT-versionen är extrem.","El","Tvåhjulsdrift; Fyrhjulsdrift","5","Sportig design; Snabb laddning; Bra räckvidd","Begränsad sikt bakåt; Trångt baksäte mot IONIQ 5","Den som vill ha sportig EV","for_komfort: Hyundai IONIQ 5"
"Kia","EV6 GT","SUV","Brutal prestanda-elbil med 585 hk. Extrem acceleration och körglädje. Kortare räckvidd vid hård körning.","El","Fyrhjulsdrift","5","Extrem prestanda; Körglädje; Bra balans sport och vardag","Kort räckvidd vid hård körning; Hård fjädring","Entusiasten som vill ha snabb EV","for_premium: Porsche Taycan"
"Kia","EV9","SUV","Stor el-SUV med sju säten. AWD Long Range är förstaval. Extremt rymlig och familjevänlig men stor och tung i stadsmiljö.","El","Tvåhjulsdrift; Fyrhjulsdrift","7","Sju säten; Mycket rymlig; Enormt bagage för priset","Stor och tung; Inte särskilt inspirerande att köra","Storfamiljen med EV-behov","for_korgladje: Ford Focus"
"Kia","Carnival","Familjevan","Enorm familje-MPV med plats för upp till åtta. Dieselautomat är vanligaste valet. Fantastiskt utrymme för stora familjer.","Diesel; Hybrid","Tvåhjulsdrift","8","Fantastiskt utrymme; Bra för storfamiljer; Sliding doors","Stor och mindre smidig; Mer transportbil än personbil","Storfamiljen; Shuttle-användning","for_premium: Mercedes V-klass"
"Lamborghini","Urus","SUV","Brutal super-SUV med maximal närvaro. Performante är extra fokuserad på prestanda. Mycket dyr drift och underhåll.","Bensin; Laddhybrid","Fyrhjulsdrift","5","Extrem prestanda; Stor närvaro; Praktisk för en supersport","Mycket dyr drift; Hög förbrukning","Den som vill ha maximal SUV-uppmärksamhet","for_diskret: Bentley Bentayga"
"Lamborghini","Huracán Sterrato","Coupé","Galen supersportbil för alla underlag. Mycket nischad och exklusiv. Modellen utgår men har samlarpotential.","Bensin","Fyrhjulsdrift","2","Unik koncept; Fantastisk V10; Samlarpotential","Mycket dyr; Begränsad praktisk användning","Samlaren med fokus på unika modeller","for_alternativ: Porsche 911 Dakar"
"Lamborghini","Revuelto","Coupé","Modern hybrid-superbil och Lamborghinis flaggskepp. Kombination av V12 och elmotorer. Mycket dyr och exklusiv.","Laddhybrid","Fyrhjulsdrift","2","Fantastisk V12 + el; Extrem prestanda; Designikon","Mycket dyr; Begränsad praktisk användning","Den som vill ha framtidens superbil","for_alternativ: Ferrari 296 GTB"
"Land Rover","Defender","SUV","Lyxig terrängbil med karaktär. D300 är populärt val. Extrem kapacitet på väg och offroad men reparationer kan bli dyra.","Bensin; Diesel; Mildhybrid; Laddhybrid","Fyrhjulsdrift","5","Extrem terrängkapacitet; Lyxig interiör; Karaktärsfull","Dyra reparationer möjliga; Hög förbrukning","Off-road-användning; Livsstilsföraren",""
"Land Rover","Range Rover","SUV","Maximal SUV-lyx och komfort. PHEV-versionerna är populära. Fantastisk komfort men mycket dyr att äga och reparera.","Diesel; Mildhybrid; Laddhybrid","Fyrhjulsdrift","5","Fantastisk komfort; Hög närvaro; Lyxig kupé","Mycket dyr drift och reparation; Hög förbrukning","Den som värdesätter SUV-lyx","for_driftsakerhet: Lexus LX"
"Land Rover","Range Rover Sport","SUV","Lyxig premium-SUV med stark närvaro. Diesel eller PHEV är vanligaste valen. Mer fokus på körkänsla än Range Rover.","Diesel; Mildhybrid; Laddhybrid","Fyrhjulsdrift","5","Stark närvaro; Bra körkänsla; Lyxig","Hög drift och reparationskostnad","Den som vill ha sportig lyx-SUV","for_driftsakerhet: BMW X5"
"Land Rover","Range Rover Velar","SUV","Den snyggaste Range Rover. P400e (PHEV) är populärt val. Snygg interiör och komfort men mindre praktisk än Range Rover.","Bensin; Diesel; Mildhybrid; Laddhybrid","Fyrhjulsdrift","5","Snygg interiör; Bra komfort; Designikon","Mindre praktisk; Dyr drift","Designorienterad köpare","for_familj: Audi Q7"
"Land Rover","Discovery Sport","SUV","Kompakt premium-SUV med möjlighet till sju säten. Diesel AWD är vanligt val. Bra komfort och terrängkapacitet.","Bensin; Diesel; Mildhybrid; Laddhybrid","Fyrhjulsdrift","7","Sju säten möjligt; Bra komfort; Terrängkapacitet","Risk för höga servicekostnader","Familjer som vill ha premium med terräng","for_driftsakerhet: Toyota Highlander"
"Lexus","ES","Sedan","Bekväm och driftsäker sedan. Hybridversionen är enda valet. Mycket tyst och avslappnad men inte sportig alls.","Hybrid","Tvåhjulsdrift","5","Mycket tyst; Driftsäker; Bekväm","Inte sportig; Anonym design","Den som värdesätter komfort och driftsäkerhet","for_korgladje: BMW 5-serie"
"Lexus","IS","Sedan","Driftsäker sport-sedan. 300h hybrid är förstaval. Mycket hög byggkvalitet men inte lika rolig som BMW 3-serie.","Hybrid","Tvåhjulsdrift","5","Hög byggkvalitet; Driftsäker; Tyst","Inte lika rolig som BMW; Begränsad teknik","Den som värdesätter pålitlighet",""
"Lexus","NX","SUV","Premium-SUV med hög kvalitetskänsla. Finns som hybrid och laddhybrid. Infotainmentet känns fortfarande speciellt jämfört med tyska.","Hybrid; Laddhybrid","Tvåhjulsdrift; Fyrhjulsdrift","5","Hög kvalitetskänsla; Driftsäker; Bra hybrid","Infotainment känns speciellt; Inte lika rolig som BMW","Familjer som värdesätter pålitlighet","for_korning: BMW X3"
"Lexus","RX","SUV","Tyst och bekväm lyx-SUV. Laddhybriden är vanligaste valet. Mycket hög komfortnivå men inte sportig alls.","Hybrid; Laddhybrid","Fyrhjulsdrift","5","Mycket hög komfort; Tyst; Driftsäker","Inte sportig; Polariserande design","Den som värdesätter lyx och pålitlighet","for_korgladje: Porsche Cayenne"
"Lexus","LC","Coupé","Lyxig GT-coupé med karaktär. V8-versionen är extra speciell. Fantastisk design och byggkvalitet men inte lika sportig som Porsche.","Bensin; Hybrid","Tvåhjulsdrift","4","Fantastisk design; Hög byggkvalitet; Karaktärsfull","Inte lika sportig som rivaler; Begränsad praktisk användning","Den som vill ha annorlunda lyx-GT","for_korning: Porsche 911 Carrera"
"Lexus","LM","Familjevan","Ultimat chaufförs-MPV med extrem komfort i baksätet. Hybridversionen är enda valet. Mycket dyr och nischad.","Hybrid","Fyrhjulsdrift","4","Extrem komfort i baksätet; Tyst; Lyxig","Mycket dyr; Nischad användning","Chaufförsdriven användning","for_flexibilitet: Mercedes V-klass"
"Lexus","RC F","Coupé","Klassisk V8-coupé med driftsäkerhet. Track Edition är toppversionen. Fantastiskt motorljud men inte lika skarp som tyska rivaler.","Bensin","Tvåhjulsdrift","4","Fantastiskt motorljud; Driftsäker; Karaktärsfull V8","Inte lika skarp som BMW M4; Modellen utgår","Den som vill ha karaktärsfull V8-coupé","for_precision: BMW M4"
"Mazda","Mazda3","Halvkombi/Sedan","Snygg och premiumlik halvkombi. Skyactiv-X är förstaval. Fin interiör och körkänsla men trångt baksäte mot konkurrens.","Bensin; Mildhybrid","Tvåhjulsdrift","5","Fin interiör; Bra körkänsla; Snygg design","Trångt baksäte; Inte de starkaste motorerna","Designorienterade förare","for_utrymme: Skoda Octavia"
"Mazda","Mazda6","Sedan/Kombi","Elegant sedan/kombi till rimligt pris. Wagon-versionen är extra praktisk. Karaktärsfull design men börjar bli gammal.","Bensin; Diesel","Tvåhjulsdrift","5","Elegant design; Bra körkänsla; Praktisk Wagon","Börjar bli gammal; Modellen utgår","Den som vill ha snygg sedan/kombi","for_premium: Volvo V60"
"Mazda","CX-5","SUV","Snygg och pålitlig familje-SUV. AWD är populärt val. Fin design och kvalitet men mindre utrymme än rivaler.","Bensin; Mildhybrid","Tvåhjulsdrift; Fyrhjulsdrift","5","Snygg design; Hög kvalitet; Pålitlig","Mindre utrymme än rivaler; Begränsad motorflora","Designorienterade familjer","for_utrymme: Skoda Kodiaq"
"Mazda","CX-30","SUV","Snygg och premiumlik kompakt-SUV. Skyactiv-G är förstaval. Fin interiör för priset men trångt baksäte.","Bensin; Mildhybrid","Tvåhjulsdrift; Fyrhjulsdrift","5","Fin interiör för priset; Snygg design; Bra körkänsla","Trångt baksäte; Begränsad räckvidd som EV","Småfamiljen som vill ha designtyngd SUV","for_utrymme: Kia Sportage"
"Mazda","CX-50","SUV","Robust SUV med premiumkänsla. AWD-versionen är förstaval. Fin interiör för priset men inte lika rymlig som vissa rivaler.","Bensin; Mildhybrid; Hybrid","Fyrhjulsdrift","5","Fin interiör; Robust; Bra på dåliga vägar","Inte lika rymlig som rivaler","Familjer i kuperad terräng","for_familj: Kia Sorento"
"Mazda","CX-60","SUV","Premium-SUV utan tyskt pris. Bakhjulsdriven känsla med fyrhjulsdrift. Fjädringen kan kännas hård.","Bensin; Diesel; Mildhybrid; Laddhybrid","Fyrhjulsdrift","5","Premiumkänsla; Bra körkänsla; Karaktärsfull design","Hård fjädring; Mindre rymlig än rivaler","Den som vill ha sportig premium-SUV","for_komfort: Volvo XC60"
"Mazda","MX-5","Cabriolet","Ren körglädje i lätt sportbil. Soft top manuell är klassikern. Fantastisk styrkänsla men opraktisk som vardagsbil.","Bensin","Tvåhjulsdrift","2","Fantastisk styrkänsla; Lätt och balanserad; Manuell finns","Opraktisk; Endast två säten; Begränsat bagage","Entusiasten med fokus på körkänsla","for_premium: Porsche Boxster"
"Mazda","MX-30","SUV","Snygg liten elbil för stad. R-EV-versionen har Wankelmotor som range extender. Fin interiör men kort elräckvidd i ren EV-version.","El; Laddhybrid (Wankel R-EV)","Tvåhjulsdrift","4","Fin interiör; Unik Wankel-lösning; Karaktärsfull","Kort elräckvidd; Begränsad praktisk användning","Designorienterade EV-köpare",""
"Mercedes-Benz","B-Klass","Kompaktvan","Praktisk premium-MPV. Diesel eller laddhybrid är vanligaste valen. Enkel att kliva i och ur men inte inspirerande att köra.","Bensin; Diesel; Laddhybrid","Tvåhjulsdrift","5","Enkel ergonomi; Praktisk; Bra för äldre förare","Inte inspirerande att köra; Inte populär modell","Äldre förare; Praktiska familjer","for_familj: BMW 2-serie Active Tourer"
"Mercedes-Benz","C-Klass","Sedan/Kombi","Bekväm premiumsedan/kombi för vardag och långresa. C300e laddhybrid är populär. Fin interiör och komfort men dyra tillval.","Bensin; Diesel; Mildhybrid; Laddhybrid","Tvåhjulsdrift; Fyrhjulsdrift","5","Komfort; Premiuminteriör; Tyst kupé","Dyr extrautrustning; Komplex elektronik; Dyra verkstäder","Tjänstebilsföraren; Familjer som värdesätter komfort","for_sportighet: BMW 3-serie"
"Mercedes-Benz","CLA","Sedan","Snygg liten premiumsedan. CLA 250e laddhybrid är populär. Modern interiör men begränsat huvudutrymme bak.","Bensin; Diesel; Laddhybrid; El","Tvåhjulsdrift; Fyrhjulsdrift","5","Modern interiör; Snygg design; Bra teknik","Begränsat huvudutrymme bak; Trång","Designorienterade förare","for_korning: BMW 2-serie Gran Coupé"
"Mercedes-Benz","CLE Coupé","Coupé","Elegant GT-coupé för vardag och långresa. CLE 300 är vanligt val. Hög komfort och snygg design. Ersätter både C-coupén och E-coupén.","Bensin; Mildhybrid","Tvåhjulsdrift; Fyrhjulsdrift","4","Hög komfort; Snygg design; Bra långfärdsbil","Dyr; Mindre praktisk än sedan","Designorienterad köpare",""
"Mercedes-Benz","E-Klass Kombi","Kombi","Fantastisk långfärdsbil med stor komfort. Populär som tjänstebil. Mycket bagage och hög kvalitet men dyr.","Bensin; Diesel; Mildhybrid; Laddhybrid","Tvåhjulsdrift; Fyrhjulsdrift","5","Fantastisk långfärdsbil; Stor komfort; Mycket bagage","Hög inköpskostnad; Dyr service; Stor i stad","Långpendlare; Tjänstebilsföraren",""
"Mercedes-Benz","GLA","SUV","Kompakt premium-SUV för vardagen. 250e laddhybrid är populär. Bekväm och lätt att leva med men inte lika rymlig som större SUV:ar.","Bensin; Diesel; Laddhybrid","Tvåhjulsdrift; Fyrhjulsdrift","5","Bekväm; Lätt att leva med; Premium-känsla","Mindre rymlig än rivaler","Pendlaren som vill ha kompakt premium-SUV","for_korgladje: BMW X1"
"Mercedes-Benz","GLB","SUV","Kompakt premium-SUV med möjlighet till sju säten. 250 4MATIC är populär. Praktisk för storleken men inte lika premium som större Mercedes.","Bensin; Diesel","Tvåhjulsdrift; Fyrhjulsdrift","7","Sju säten möjligt; Praktisk för storleken; Bra fyrhjulsdrift","Inte lika premium som större Mercedes; Trångt på tredje raden","Familjer som behöver sju säten i kompakt format","for_korning: BMW X1"
"Mercedes-Benz","GLC","SUV","Premium-SUV med hög komfort. 300e 4MATIC är populär laddhybrid. Tyst och bekväm men inte lika rolig som BMW X3.","Bensin; Diesel; Mildhybrid; Laddhybrid","Fyrhjulsdrift","5","Komfortabel SUV; Tyst; Premium-känsla","Inte lika rolig att köra som BMW X3; Dyra tillval","Familjer som värdesätter komfort","for_korning: BMW X3"
"Mercedes-Benz","GLE","SUV","Stor premium-SUV med möjlighet till sju säten. Konkurrerar mot BMW X5 och Audi Q7. Tyst och bekväm långfärdsbil.","Bensin; Diesel; Mildhybrid; Laddhybrid","Fyrhjulsdrift","7","Tyst och bekväm; Sju säten möjligt; Stark dragbil","Dyr drift; Stor i stad","Storfamiljen; Långpendlare",""
"Mercedes-Benz","GLS","SUV","En av världens bästa stora SUV:ar. 450d är populärt val. Extrem komfort med sju säten. Mycket dyr.","Bensin; Diesel; Mildhybrid","Fyrhjulsdrift","7","Extrem komfort; Sju säten; Stark närvaro","Mycket dyr; Hög förbrukning; Stor","Storfamiljen som värdesätter lyx",""
"Mercedes-Benz","G-Klass","Terrängbil","Ikonisk lyxig terrängbil. G400d är vardagsvalet. Extrem närvaro och offroad-kapacitet men dyr och ineffektiv.","Bensin; Diesel; El","Fyrhjulsdrift","5","Ikonisk design; Extrem terrängkapacitet; Lyxig interiör","Mycket dyr; Hög förbrukning; Bullrig","Den som vill ha unik lyx-SUV","for_komfort: Range Rover"
"Mercedes-Benz","V-Klass","Familjevan","Lyxig familje- eller shuttlebil. 300d är populärt val. Extremt mycket plats och komfort men stor och dyr.","Diesel","Tvåhjulsdrift; Fyrhjulsdrift","8","Mycket plats; Hög komfort; Lyxig stor familjebil","Stor i stad; Dyr; Mer transportbil än personbil","Storfamiljen; Shuttle-användning",""
"Mercedes-Benz","EQA","SUV","Liten premium-elSUV baserad på GLA. 250+ är förstaval. Tyst och lättkörd i staden men inte särskilt rymlig.","El","Tvåhjulsdrift; Fyrhjulsdrift","5","Tyst; Lättkörd; Premium-känsla","Inte rymlig för familj; Begränsad räckvidd","Stadsboende med EV-behov","for_utrymme: Volvo EX30"
"Mercedes-Benz","EQB","SUV","El-SUV med möjlighet till sju säten. 300 4MATIC är populär. Praktisk och trygg familje-EV men inte effektiv jämfört med Tesla.","El","Tvåhjulsdrift; Fyrhjulsdrift","7","Sju säten möjligt; Praktisk; Premium-känsla","Inte effektiv jämfört med Tesla; Begränsad räckvidd","Storfamiljen med EV-behov","for_rackvidd: Tesla Model Y"
"Mercedes-Benz","EQE SUV","SUV","Lyxig och stor el-SUV med hög komfort. 350 är vanligt val. Fokus på komfort, inte sport.","El","Fyrhjulsdrift","5","Hög komfort; Tyst; Premium-känsla","Inte sportig; Tung","Den som vill ha lyxig el-SUV","for_korgladje: BMW iX"
"Mercedes-Benz","EQS SUV","SUV","Elektrisk lyx-SUV med max komfort. 450 4MATIC är populär. Fantastiskt tyst och bekväm men stor och dyr.","El","Fyrhjulsdrift","7","Fantastiskt tyst och bekväm; Sju säten möjligt; Lyxig","Stor och dyr; Polariserande design","Storfamiljen som värdesätter el-lyx","for_korgladje: BMW iX"
"Mercedes-AMG","CLE 53","Coupé","Lyxig GT med AMG-karaktär. 4MATIC+ är förstaval. Stark balans mellan komfort och prestanda.","Bensin; Mildhybrid","Fyrhjulsdrift","4","Bra balans komfort och prestanda; Karaktärsfull AMG; Snygg design","Dyr; Tung","Den som vill ha lyxig GT med kraft","for_ren_utrustning: BMW M4"
"MG","MG4","Halvkombi","Billig och snabb elbil. Trophy Long Range är populärt val. Mycket prestanda för pengarna men mjukvaran känns inte helt mogen.","El","Tvåhjulsdrift","5","Mycket prestanda för pengarna; Bra räckvidd; Snygg design","Mjukvaran inte mogen; Okänt andrahandsvärde","Budgetmedveten EV-köpare","for_kvalitet: Volkswagen ID.3"
"MG","MG4 XPower","Halvkombi","Billigaste sättet till brutal EV-prestanda. 435 hk AWD. Bra balans men kort räckvidd vid hård körning.","El","Fyrhjulsdrift","5","Brutal prestanda för pengarna; AWD; Bra körkänsla","Kort räckvidd vid hård körning","Entusiasten med budget",""
"MG","MG5","Kombi","Billig el-kombi. AWD-versionen är vanligaste valet. Mycket utrustning för priset men mjukvaran känns omogen.","El","Tvåhjulsdrift; Fyrhjulsdrift","5","Mycket utrustning för priset; El-kombi är ovanligt","Mjukvaran känns omogen; Lägre kvalitetskänsla","Praktiska familjer med budget","for_kvalitet: Hyundai IONIQ 5"
"MG","HS","SUV","Billig familje-SUV med mycket utrustning. Laddhybrid är populär. Mycket bil för pengarna men inte lika raffinerad som europeiska rivaler.","Bensin; Laddhybrid","Tvåhjulsdrift","5","Mycket bil för pengarna; Bra utrustning","Inte lika raffinerad; Lägre kvalitetskänsla","Familjer med budget","for_kvalitet: Kia Sportage"
"MG","Cyberster","Cabriolet","Billig elektrisk roadster med wow-faktor. AWD-versionen är förstaval. Snabb och premium-känsla men okänt andrahandsvärde.","El","Tvåhjulsdrift; Fyrhjulsdrift","2","Snabb och spektakulär; Annorlunda i klassen; Premium-känsla","Okänt andrahandsvärde; Begränsad praktisk användning","Den som vill ha annorlunda EV-roadster","for_andrahandsvarde: Porsche Boxster"
"MINI","Cooper","Halvkombi","Småbil med stark personlighet. Cooper S är sportigare. Mycket rolig i stad och kurvor men hård fjädring och litet baksäte. Finns både med bensin och som elektrisk.","Bensin; El","Tvåhjulsdrift","4","Rolig i kurvor; Karaktärsfull design; Premium-känsla","Hård fjädring; Litet baksäte; Litet bagage","Singel eller par som söker karaktär","for_komfort: Audi A1"
"MINI","5-dörrars","Halvkombi","MINI-känsla med mer praktisk användning. Cooper S är populär. Roligare än de flesta småbilar men fortfarande trångt.","Bensin","Tvåhjulsdrift","5","Mer praktisk än 3-dörrars; Karaktärsfull; Rolig att köra","Fortfarande trångt; Hård fjädring","Småfamiljen som vill ha karaktär",""
"MINI","Cabriolet","Cabriolet","Rolig cabriolet för sommarkörning. Cooper S är populärt val. Charmig och lekfull men trång och bullrig på långresa.","Bensin","Tvåhjulsdrift","4","Charmig; Lekfull att köra; Öppen cabriolet","Trång på långresa; Bullrig; Litet bagage med tak nere","Sommarbil; Andra-bil i hushållet","for_premium: Mazda MX-5 RF"
"MINI","Countryman","SUV","Liten premium-SUV med personlighet. Cooper S eller elversion är populära. Roligare än många små SUV:ar men dyr med utrustning.","Bensin; Mildhybrid; El","Tvåhjulsdrift; Fyrhjulsdrift","5","Karaktärsfull; Rolig att köra; Praktisk för MINI-modell","Dyr med utrustning; Inte lika rolig som mindre MINI","Familjen som vill ha karaktär","for_komfort: Volvo XC40"
"MINI","Countryman Electric","SUV","Charmig liten premium-elSUV. SE ALL4 är förstaval. Roligare än de flesta små EV-SUV:ar men inte bäst räckvidd.","El","Tvåhjulsdrift; Fyrhjulsdrift","5","Roligare än rivaler; Premium-känsla; Karaktärsfull","Inte klassledande räckvidd","Småfamiljen som vill ha karaktärsfull EV","for_effektivitet: Volvo EX30"
"MINI","Aceman","SUV","Liten el-crossover med personlighet. SE-versionen är vanligast. Charmig design och gokart-känsla.","El","Tvåhjulsdrift","5","Charmig design; Gokart-känsla; Bra storlek","Begränsat utrymme; Dyr för storleken","Stadsboende med EV-behov",""
"MINI","JCW","Halvkombi","Gokart-känsla i småbil. Automatversionen är vanligaste valet idag. Extremt rolig i kurvor men hård komfort och litet baksäte.","Bensin","Tvåhjulsdrift","4","Extremt rolig i kurvor; Karaktärsfull; Premium-känsla","Hård komfort; Litet baksäte; Hög försäkring","Entusiasten som söker gokart-känsla","for_komfort: Audi S1"
"Nissan","Juke","SUV","Liten SUV med annorlunda design. Hybridversionen är förstaval. Smidig i stad och lätt att parkera men begränsat baksäte och bagage.","Bensin; Hybrid","Tvåhjulsdrift","5","Annorlunda design; Smidig; Bra storlek för stad","Begränsat baksäte och bagage; Mindre kvalitetskänsla","Stadsboende","for_kvalitet: Toyota Yaris Cross"
"Nissan","Qashqai","SUV","Enkel familje-SUV som bara fungerar. e-Power är vanligt val (hybrid med eldrift). Lätt att köra och leva med.","Bensin; Mildhybrid; Hybrid (e-Power)","Tvåhjulsdrift","5","Lätt att köra; Praktisk; Pålitlig","Inte särskilt rolig; Anonym design","Familjer som vill ha problemfri SUV","for_premium: Volvo XC40"
"Nissan","X-Trail","SUV","Familje-SUV med möjlighet till sju säten. e-Power AWD är vanligt val. Bekväm och enkel familjebil men inte sportig.","Bensin; Hybrid (e-Power)","Tvåhjulsdrift; Fyrhjulsdrift","7","Sju säten möjligt; Bekväm; Enkel familjebil","Inte sportig; Anonym","Familjer som vill ha enkel sjusits","for_premium: Skoda Kodiaq"
"Nissan","Leaf","Halvkombi","Billig begagnad elbil. e+ är toppversionen. Enkel och driftsäker EV men gammal laddteknik (CHAdeMO) börjar bli problem.","El","Tvåhjulsdrift","5","Driftsäker; Billig begagnad; Enkel att äga","Gammal CHAdeMO-laddning; Begränsad räckvidd; Modellen utgår","Budget-EV-köpare","for_modern_teknik: MG4"
"Nissan","Ariya","SUV","Bekväm japansk el-SUV. e-4ORCE är AWD-versionen. Avslappnad att köra men inte lika effektiv som Tesla.","El","Tvåhjulsdrift; Fyrhjulsdrift","5","Avslappnad att köra; Snygg interiör; Bra komfort","Inte lika effektiv som Tesla; Begränsat laddnätverk","Familjer som vill ha lugn el-SUV","for_laddning: Tesla Model Y"
"Nissan","Ariya Nismo","SUV","Sportigare japansk el-SUV. AWD-versionen är förstaval. Bekväm men snabb långfärds-EV.","El","Fyrhjulsdrift","5","Sportigare än vanlig Ariya; Bekväm; Bra långfärdsbil","Inte lika dynamisk som Porsche Macan EV","Den som vill ha sportig japansk EV","for_korning: Kia EV6 GT"
"Nissan","GT-R","Coupé","Japansk superbil med AWD-grepp. Nismo är extra speciell. Brutal acceleration och ikonstatus men börjar kännas gammal invändigt.","Bensin","Fyrhjulsdrift","4","Brutal acceleration; Ikonisk status; AWD-grepp","Börjar kännas gammal; Hög förbrukning","Entusiasten som vill ha japansk superbil","for_precision: Porsche 911 Turbo"
"Opel","Corsa","Halvkombi","Enkel småbil. Finns även som elektrisk (Corsa Electric). 51 kWh-versionen är förstaval för EV. Lättkörd och smidig i stad.","Bensin; Mildhybrid; El","Tvåhjulsdrift","5","Lättkörd; Smidig i stad; Bra storlek","Inte särskilt snabb laddning; Anonym","Stadsboende; Förstabilskunden",""
"Opel","Astra","Halvkombi/Kombi","Prisvärd europeisk vardagsbil. Laddhybrid är populärt val. Bekväm och modern men inte lika rolig som Ford Focus.","Bensin; Mildhybrid; Laddhybrid; El","Tvåhjulsdrift","5","Bekväm; Modern interiör; Prisvärd","Inte lika rolig som Ford Focus; Anonym","Pendlaren; Småfamiljen",""
"Opel","Astra Sports Tourer","Kombi","Billig och modern familjekombi. Laddhybrid är populärt val. Praktisk och bekväm i vardagen.","Bensin; Mildhybrid; Laddhybrid; El","Tvåhjulsdrift","5","Praktisk; Bekväm; Bra laddhybrid","Inte lika premium som VW Passat","Familjer; Pendlare med utrymmesbehov",""
"Opel","Crossland","SUV","Billig och enkel crossover. Praktisk för stad och familj men känns enkel invändigt.","Bensin","Tvåhjulsdrift","5","Praktisk; Smidig; Prisvärd","Enkel invändigt; Anonym","Stadsboende med familj","for_design: Peugeot 2008"
"Opel","Mokka Electric","SUV","Liten el-SUV med modern design. 54 kWh-versionen är förstaval. Lätt att parkera i smala utrymmen.","Bensin; Mildhybrid; El","Tvåhjulsdrift","5","Modern design; Smidig; Bra stadsbil","Begränsat utrymme; Inte klassledande räckvidd","Stadsboende med EV-behov","for_komfort: Peugeot e-2008"
"Opel","Zafira Life","Familjevan","Stor familje- eller shuttlebil. Dieselautomat är vanligt val. Enormt utrymme och flexibilitet.","Diesel; El","Tvåhjulsdrift","9","Mycket utrymme; Flexibel inredning; Bra för stora grupper","Stor och klumpig i stad; Mer transportbil än personbil","Storfamiljen; Shuttle-användning",""
"Peugeot","2008","SUV","Liten SUV med modern design. Elversionen är populär. Snygg interiör för klassen men trångt baksäte för familjen.","Bensin; Mildhybrid; El","Tvåhjulsdrift","5","Snygg interiör; Modern design; Bra storlek","Trångt baksäte; i-Cockpit delar åsikter","Stadsboende; Småfamiljen","for_komfort: Hyundai Kona"
"Peugeot","e-3008","SUV","Modern el-SUV med designfokus. Long Range-versionen är förstaval. Snygg interiör och komfort men mjukvaran inte bäst.","El","Tvåhjulsdrift","5","Snygg interiör; Bra komfort; Modern design","Mjukvaran inte bäst; i-Cockpit delar åsikter","Designorienterade EV-köpare","for_effektivitet: Tesla Model Y"
"Peugeot","408","SUV/Sedan","Annorlunda crossover-sedan. Laddhybrid är populärt val. Modern design men begränsat baksäte för storleken.","Bensin; Laddhybrid","Tvåhjulsdrift","5","Modern design; Karaktärsfull; Bra utrustning","Begränsat baksäte; Polariserande design","Den som vill ha annorlunda kombi-SUV","for_komfort: Renault Austral"
"Peugeot","508 SW","Kombi","Snygg och låg kombi istället för SUV. Laddhybriden är förstaval. Elegant design men mindre praktisk än större kombis.","Bensin; Laddhybrid","Tvåhjulsdrift","5","Elegant design; Bra som tjänstebil; Praktisk","Mindre praktisk än stora kombis; i-Cockpit delar åsikter","Designorienterade tjänstebilsförare","for_bagage: Skoda Superb"
"Peugeot","5008","SUV","Snygg sjusits-SUV för familjen. Hybridversionen är populär. Modern interiör men inte lika stor invändigt som vissa rivaler.","Bensin; Hybrid; El","Tvåhjulsdrift","7","Sju säten; Modern interiör; Snygg design","Mindre invändigt än rivaler; Trångt på tredje raden","Familjer som vill ha designtyngd sjusits","for_utrymme: Skoda Kodiaq"
"Peugeot","Traveller","Familjevan","Stor familje- eller taxibil. Dieselautomat är vanligt val. Mycket plats invändigt men opraktisk i stad.","Diesel; El","Tvåhjulsdrift","9","Mycket plats; Flexibel; Bra för stora grupper","Stor i stad; Mer transportbil","Storfamiljen; Taxi-användning","for_premium: Mercedes V-klass"
"Polestar","Polestar 1","Coupé","Exklusiv hybrid-GT med samlarpotential. Endast en version. Fantastisk design och byggkvalitet men dyr och ovanlig service. Modellen utgår.","Laddhybrid","Fyrhjulsdrift","4","Fantastisk design; Hög byggkvalitet; Samlarpotential","Mycket dyr; Ovanlig service; Modellen utgår","Samlaren","for_korning: Porsche Panamera"
"Polestar","Polestar 2","Halvkombi","Minimalistisk premium-elbil. Long Range Dual Motor är förstaval. Bra chassi och Google-system men trångt baksäte för familj.","El","Tvåhjulsdrift; Fyrhjulsdrift","5","Bra chassi; Premium-känsla; Google-system","Trångt baksäte; Fast fjädring; Begränsad sikt","Den som vill ha minimalistisk premium-EV","for_komfort: BMW i4"
"Polestar","Polestar 2 BST Edition","Halvkombi","Hårdare och förarorienterad Polestar 2. Bra chassi och styrning men hård komfort i vardagen.","El","Fyrhjulsdrift","5","Bra chassi; Förarorienterad; Exklusiv","Hård komfort; Dyr","Entusiasten med fokus på chassi","for_komfort: BMW i4"
"Polestar","Polestar 3","SUV","Skandinavisk premium-elSUV. Dual Motor är förstaval. Hög säkerhets- och kvalitetskänsla men dyr jämfört med andra.","El","Fyrhjulsdrift","5","Hög säkerhet och kvalitet; Snygg design; Bra långfärdsbil","Dyr; Begränsat servicenät","Familjer som vill ha skandinavisk premium-EV","for_reparation: Tesla Model X"
"Polestar","Polestar 3 Performance","SUV","Sportigare premium-elSUV. Performance Pack är förstaval för entusiaster. Bra balans mellan komfort och fart.","El","Fyrhjulsdrift","5","Bra balans komfort och fart; Hög säkerhet; Snygg","Dyr; Tung","Den som vill ha sportig premium el-SUV","for_laddnatverk: Tesla Model X"
"Polestar","Polestar 4","SUV","Futuristisk premium-elSUV utan bakruta (kamera istället). Dual Motor är förstaval. Snabb och modern design.","El","Tvåhjulsdrift; Fyrhjulsdrift","5","Snabb; Modern design; Unik koncept","Saknar bakruta; Polariserande design","Den som vill ha futuristisk premium-EV","for_komfort: Mercedes EQE SUV"
"Polestar","Polestar 5","Sedan","Kommande premium-el-GT. Performance-versionerna blir mest intressanta. Fokus på körning och design.","El","Fyrhjulsdrift","4","Fokus på körning; Snygg design; Premium-känsla","Förväntat dyr; Inte tillgänglig ännu","Den som vill ha framtidens el-GT","for_komfort: Porsche Taycan"
"Polestar","Polestar 6","Cabriolet","Kommande elektrisk roadster med premiumfokus. Performance-versionen blir vanligaste valet. Fokus på design och körkänsla.","El","Fyrhjulsdrift","2","Snygg design; Premium-känsla","Förväntat dyr; Begränsad praktisk användning","Den som vill ha el-roadster",""
"Porsche","911","Coupé/Cabriolet","Världens bästa allround-sportbil enligt många. Carrera 4 GTS är vanligt val. Fantastisk körkänsla och högt andrahandsvärde. Mycket bred motorflora.","Bensin","Tvåhjulsdrift; Fyrhjulsdrift","4","Fantastisk körkänsla; Högt andrahandsvärde; Bred motorflora","Mycket dyr med utrustning; Dyra reparationer","Entusiasten med fokus på körkänsla","for_vardag: BMW M4"
"Porsche","911 Dakar","Coupé","Unik sportbil för alla underlag. Endast en version. Fantastisk kombination av 911 och offroad-kapacitet.","Bensin","Fyrhjulsdrift","4","Unik koncept; Allroad-kapacitet; Samlarpotential","Extremt dyr; Begränsad produktion","Samlaren med fokus på unika modeller",""
"Porsche","718 Spyder/Cayman GT4","Coupé/Cabriolet","En av världens bästa öppna/stängda sportbilar. Manuell låda är klassikern. Fantastisk sugmotor och balans.","Bensin","Tvåhjulsdrift","2","Fantastisk sugmotor; Manuell låda; Mid-engine balans","Opraktisk; Dyr","Hardcore-entusiasten",""
"Porsche","718 Cayman/Boxster","Coupé/Cabriolet","Ren körglädje. GTS 4.0 är förstaval för entusiaster. Fantastisk balans och styrning men opraktisk som vardagsbil.","Bensin","Tvåhjulsdrift","2","Fantastisk balans; Mid-engine layout; Bra styrkänsla","Opraktisk; Begränsat bagage; Endast två säten","Entusiasten med fokus på körglädje","for_komfort: BMW M2"
"Porsche","Cayenne","SUV","SUV som känns som sportbil. E-Hybrid är populärt val. Fantastisk styrning och premiumkänsla men dyr drift.","Bensin; Laddhybrid","Fyrhjulsdrift","5","Sportig SUV; Premium-känsla; Bra dragbil","Dyr drift; Tung; Dyra tillval","Familjeföraren med körglädjekrav","for_komfort: Audi Q7"
"Porsche","Macan","SUV","Sportig premium-SUV med bäst köregenskaper i klassen. GTS är förstaval för entusiaster. Begränsat baksäte mot större SUV:ar.","Bensin","Fyrhjulsdrift","5","Bäst körkänsla i klassen; Premium-känsla; Bra balans","Begränsat baksäte; Dyr","Sportiga föraren med familjebehov","for_komfort: Mercedes GLC"
"Porsche","Macan Electric","SUV","Sportig premium-elSUV. 4S är förstaval. Fantastiska köregenskaper för EV-SUV men dyr.","El","Fyrhjulsdrift","5","Fantastiska köregenskaper; Premium-känsla; Modern teknik","Dyr; Begränsad räckvidd vid hård körning","Sportiga föraren med EV-behov","for_varde: Kia EV6 GT"
"Porsche","Panamera","Sedan/Kombi","Sportbil och lyxsedan i samma bil. E-Hybrid är populärt val. Fantastisk balans mellan komfort och prestanda.","Bensin; Laddhybrid","Fyrhjulsdrift","4","Bra balans komfort och prestanda; Premium-känsla; Bra långfärdsbil","Mycket dyr med utrustning","Långpendlare med körglädjekrav",""
"Porsche","Taycan","Sedan/Kombi","Bästa elbilen för körglädje enligt många. 4S är förstaval. Fantastisk styrning och snabb laddning.","El","Fyrhjulsdrift","4","Fantastisk styrning; Snabb laddning (800V); Premium-känsla","Mycket dyr med utrustning; Begränsat bagage","Entusiasten med EV-behov","for_varde: Hyundai IONIQ 5 N"
"Renault","Clio","Halvkombi","Billig och snål småbil. Hybridversionen är förstaval. Mycket låg förbrukning i stad men trång för större familj.","Bensin; Mildhybrid; Hybrid","Tvåhjulsdrift","5","Låg förbrukning; Smidig i stad; Bra hybrid","Trång för större familj; Anonym","Stadsboende; Pendlaren","for_kvalitet: Toyota Yaris"
"Renault","5 E-Tech","Halvkombi","Retro-elbil för stad och vardag. 52 kWh-versionen är förstaval. Charmig design och låg driftkostnad.","El","Tvåhjulsdrift","4","Charmig retro-design; Låg driftkostnad; Bra stadsbil","Begränsat utrymme","Stadsboende med EV-behov; Designorienterad köpare",""
"Renault","Arkana","SUV","Coupe-SUV till rimligt pris. Hybridversionen är förstaval. Snyggare än vanliga SUV:ar men begränsat familjeutrymme.","Bensin; Mildhybrid; Hybrid","Tvåhjulsdrift","5","Snygg coupé-design; Bra hybrid; Prisvärd","Begränsat familjeutrymme; Trångt baksäte","Den som vill ha snygg SUV","for_utrymme: Cupra Formentor"
"Renault","Austral","SUV","Bekväm familje-SUV till bra pris. Hybridversionen är förstaval. Tyst och enkel att leva med men svagare premiumkänsla.","Bensin; Hybrid","Tvåhjulsdrift","5","Tyst; Enkel att leva med; Bra hybrid","Svagare premiumkänsla","Familjer som vill ha bekväm SUV",""
"Renault","Megane E-Tech","SUV","Enkel och bekväm elbil för vardagen. EV60 är förstaval. Lätt att köra och parkera men mindre bagage än SUV-konkurrenter.","El","Tvåhjulsdrift","5","Lätt att köra; Smidig; Modern design","Mindre bagage än SUV-konkurrenter","Pendlaren med EV-behov","for_rackvidd: Tesla Model 3"
"Renault","Scenic E-Tech","SUV","Bekväm och praktisk el-SUV för familjen. Rymlig elbil med god komfort. Inte sportig men trygg familjebil.","El","Tvåhjulsdrift","5","Rymlig; Komfortabel; Bra familjebil","Inte sportig; Begränsat laddnätverk jämfört med Tesla; Lägre premiumkänsla","Familjer som vill ha praktisk el-SUV","for_teknik: Tesla Model Y"
"Seat","Arona","SUV","Enkel och billig crossover. TSI automat är förstaval. Smidig och billig att äga men begränsat utrymme för familj.","Bensin","Tvåhjulsdrift","5","Smidig; Billig att äga; Bra storlek","Begränsat utrymme; Börjar bli äldre","Stadsboende; Småfamiljen","for_kvalitet: Volkswagen T-Cross"
"Seat","Ateca","SUV","Praktisk SUV utan premiumpris. AWD-versionerna är populära i Sverige. Lätt att leva med men börjar kännas äldre i teknik.","Bensin; Diesel","Tvåhjulsdrift; Fyrhjulsdrift","5","Praktisk; Bra pris; Tillgänglig som AWD","Börjar kännas äldre; Inte mest moderna tekniken","Familjen med budget","for_modern_teknik: Cupra Terramar"
"Seat","Ibiza","Halvkombi","Billig och rolig småbil. TSI automat är förstaval. Lättkörd och ungdomlig känsla men enklare interiör än VW Polo.","Bensin","Tvåhjulsdrift","5","Lättkörd; Ungdomlig; Prisvärd","Enklare interiör än Polo","Stadsboende; Förstabilskunden","for_kvalitet: Volkswagen Polo"
"Seat","Leon","Halvkombi/Kombi","Billigare Golf med sportigare känsla. eTSI-versionen är populär. Roligare att köra än många konkurrenter men enklare interiör än VW.","Bensin; Mildhybrid; Laddhybrid","Tvåhjulsdrift","5","Roligare än Golf; Prisvärd; Bra utrustning","Enklare interiör än Volkswagen","Sportiga pendlare","for_premium: Audi A3"
"Seat","Mii Electric","Halvkombi","Billig och enkel stads-EV. Endast en relevant version. Mycket låg driftkostnad men kort räckvidd. Modellen utgår.","El","Tvåhjulsdrift","4","Mycket låg driftkostnad; Smidig; Bra stadsbil","Kort räckvidd; Modellen utgår","Stadsboende; Andra-bil","for_modernitet: Renault 5 E-Tech"
"Seat","Alhambra","Familjevan","Familjebil med sju säten. Diesel DSG är förstaval. Extremt praktisk för barnfamilj men känns gammal jämfört med moderna SUV:ar. Modellen utgår.","Bensin; Diesel","Tvåhjulsdrift","7","Sju säten; Stora skjutdörrar; Praktisk","Känns gammal; Modellen utgår","Storfamiljen","for_modernitet: Kia EV9"
"Skoda","Octavia Combi","Kombi","Marknadens smartaste familjekombi enligt många. Diesel eller laddhybrid är vanligaste valen. Extremt mycket plats för pengarna.","Bensin; Diesel; Mildhybrid; Laddhybrid","Tvåhjulsdrift","5","Gigantiskt bagage; Praktisk; Prisvärd","Inte premium; Enkel interiör; Lite buller på motorväg","Familjer som vill ha mycket bil för pengarna",""
"Skoda","Superb Combi","Kombi","Enorm långfärdskombi. Laddhybriden är populär. Nästan premiumutrymme för lägre pris men känns stor i stad och parkering.","Bensin; Diesel; Mildhybrid; Laddhybrid","Tvåhjulsdrift; Fyrhjulsdrift","5","Enormt utrymme; Bra komfort; Prisvärd för storleken","Stor i stad; Mindre statusladdat märke","Långpendlare; Familjer som kör mycket","for_premium: Mercedes E-klass kombi"
"Skoda","Kodiaq","SUV","Stor SUV för familj och semester. AWD diesel eller hybrid är vanligaste valen. Enormt utrymme med möjlighet till sju säten.","Bensin; Diesel; Mildhybrid; Laddhybrid","Tvåhjulsdrift; Fyrhjulsdrift","7","Enormt utrymme; Sju säten möjligt; Praktisk","Stor; Inte sportig; Hög vikt","Storfamiljen","for_premium: Volvo XC90"
"Skoda","Enyaq","SUV","En av marknadens mest praktiska elbilar. 85x är förstaval för bra räckvidd. Enormt bagage och bra komfort.","El","Tvåhjulsdrift; Fyrhjulsdrift","5","Enormt bagage; Bra komfort; Praktisk","Inte sportig; Begränsad effektivitet","Familjer med EV-behov","for_teknik: Tesla Model Y"
"Skoda","Scala","Halvkombi","Praktisk halvkombi till bra pris. TSI automat är förstaval. Mycket utrymme för klassen men inte särskilt inspirerande design.","Bensin","Tvåhjulsdrift","5","Mycket utrymme; Prisvärd; Praktisk","Anonym design","Praktiska familjer med budget","for_premium: Volkswagen Golf"
"Skoda","Kamiq","SUV","Praktisk liten crossover. TSI automat är förstaval. Enkel att leva med men inte särskilt inspirerande design.","Bensin","Tvåhjulsdrift","5","Enkel att leva med; Praktisk; Bra storlek","Anonym design","Småfamiljen","for_korgladje: Ford Puma"
"Skoda","Yeti","SUV","Charmig och praktisk kompakt-SUV. AWD diesel är vanligt begagnatval. Mycket bra sikt och funktion men gammal teknik idag. Endast begagnat.","Bensin; Diesel","Tvåhjulsdrift; Fyrhjulsdrift","5","Bra sikt; Praktisk; Charmig","Gammal teknik; Endast begagnat","Den som vill ha praktisk begagnad SUV","for_modernitet: Skoda Karoq"
"Skoda","Roomster","Halvkombi","Praktisk småfamiljebil. Dieselversionerna är smartaste begagnatvalen. Smarta inre utrymmen men gammal teknik och säkerhet idag. Endast begagnat.","Bensin; Diesel","Tvåhjulsdrift","5","Smart inrederd; Praktisk; Billig begagnad","Gammal säkerhet; Endast begagnat","Småfamiljen med budget","for_modernitet: Skoda Kamiq"
"Smart","#1","SUV","Liten men snabb premium-elbil. Brabus-versionen är roligast. Smidig i stad men begränsat bagage och bakutrymme.","El","Tvåhjulsdrift","5","Smidig i stad; Premium-känsla; Snabb","Begränsat bagage; Begränsat baksäte","Stadsboende med EV-behov",""
"Smart","#3","SUV","Coupe-lik elSUV med futuristisk stil. AWD-versionen är förstaval. Snabb och modern känsla men begränsat bagage för storleken.","El","Tvåhjulsdrift; Fyrhjulsdrift","5","Snabb; Modern design; Premium-känsla","Begränsat bagage; Polariserande design","Designorienterad EV-köpare","for_komfort: Volvo EX30"
"Smart","Fortwo","Halvkombi","Stadsbil för trånga parkeringar. Elversionen är förstaval idag. Extremt lätt att parkera men nästan oanvändbar för längre resor. Modellen utgår.","El","Tvåhjulsdrift","2","Lätt att parkera; Smidig; Bra stadsbil","Oanvändbar för långresor; Endast två säten; Modellen utgår","Stadsboende; Andra-bil","for_allround: Fiat 500e"
"Smart","Roadster","Cabriolet","Lätt och annorlunda liten sportbil. Coupéversionen är populär begagnat. Rolig i låg fart och kurvor men svag motor. Modellen utgick för länge sedan.","Bensin","Tvåhjulsdrift","2","Lätt och balanserad; Rolig i kurvor; Annorlunda","Svag motor; Enkel kvalitet; Endast begagnat","Entusiasten med fokus på enkelhet","for_premium: Mazda MX-5"
"Suzuki","Swift","Halvkombi","Lätt och billig småbil. Hybridversionen är förstaval. Roligare att köra än många småbilar men mindre säkerhets- och premiumkänsla.","Bensin; Mildhybrid","Tvåhjulsdrift; Fyrhjulsdrift","5","Lätt och rolig; Billig; AWD finns","Mindre säkerhetspaket; Enkel","Stadsboende med körglädje-krav","for_kvalitet: Toyota Yaris"
"Suzuki","Ignis","SUV","Liten charmig citybil med AWD-möjlighet. Hybrid AWD är förstaval. Enkel säkerhet och komfort.","Bensin; Mildhybrid","Tvåhjulsdrift; Fyrhjulsdrift","4","Charmig design; AWD i kompakt format; Lätt","Enkel säkerhet och komfort","Den som vill ha kompakt AWD-bil","for_modernitet: Toyota Aygo X"
"Suzuki","Vitara","SUV","Enkel och billig AWD-SUV. Hybrid AWD är förstaval. Låg ägandekostnad och lätt att köra men känns enkel invändigt.","Bensin; Mildhybrid; Hybrid","Tvåhjulsdrift; Fyrhjulsdrift","5","Låg ägandekostnad; Lätt att köra; AWD","Enkel invändigt","Den som vill ha enkel AWD-SUV","for_premium: Mazda CX-30"
"Suzuki","S-Cross","SUV","Billig AWD-familjebil. Hybrid AWD är förstaval. Mycket låg driftkostnad.","Bensin; Mildhybrid; Hybrid","Tvåhjulsdrift; Fyrhjulsdrift","5","Låg driftkostnad; AWD; Bra prislapp","Enkel kvalitetskänsla","Familjen med budget","for_premium: Mazda CX-5"
"Suzuki","Across","SUV","Toyota RAV4 PHEV med Suzuki-märke. Plug-in hybriden är hela poängen. Driftsäker och effektiv.","Laddhybrid","Fyrhjulsdrift","5","Driftsäker; Effektiv hybrid; Lång räckvidd som EV","Anonym design; Begränsat servicenät","Den som vill ha laddhybrid-SUV via Suzuki",""
"Suzuki","Celerio","Halvkombi","Billigast möjliga småbil. Manuell låda är förstaval. Mycket låg förbrukning men enkel säkerhet och komfort.","Bensin","Tvåhjulsdrift","5","Låg förbrukning; Mycket billig; Lätt att äga","Enkel säkerhet; Enkel kvalitet","Stadsboende med absolut minimibudget","for_kvalitet: Toyota Aygo X"
"Tesla","Model 3","Sedan","Marknadens populäraste premium-EV. Long Range AWD är vanligaste valet. Bäst i klassen på effektivitet och laddnätverk (Superchargers).","El","Tvåhjulsdrift; Fyrhjulsdrift","5","Bästa laddnätverk (Supercharger); Hög effektivitet; Bra mjukvara","Hård fjädring; Minimalistisk interiör delar åsikter; Inga fysiska reglage","Långpendlaren med EV-behov; Tjänstebilsföraren","for_premium: BMW i4"
"Tesla","Model Y","SUV","Världens populäraste familje-EV. Long Range AWD är vanligaste valet. Mycket utrymme, bra effektivitet och oslagbart laddnätverk.","El","Tvåhjulsdrift; Fyrhjulsdrift","5","Mycket utrymme; Bra räckvidd; Bästa laddnätverk; Hög effektivitet","Hård fjädring; Sparsamt utrustad interiör; Inga fysiska reglage","Familjer med EV-behov; Den som vill ha praktisk premium-EV","for_komfort: Volvo EX40"
"Tesla","Model Y Performance","SUV","Sportigare version av Model Y. Stark prestanda och hård fjädring för bättre kurvtagning. Lägre räckvidd än Long Range.","El","Fyrhjulsdrift","5","Brutal acceleration; Sportig; Bästa laddnätverket","Hård fjädring; Kortare räckvidd än Long Range","Entusiasten som vill ha snabb familje-EV","for_komfort: BMW iX3"
"Tesla","Model S","Sedan","Stor lyx-EV med extrem prestanda. Plaid-versionen är extrem. Bra långfärdsbil men interiören känns enklare än tysk premium.","El","Fyrhjulsdrift","5","Brutal prestanda (Plaid); Bra räckvidd; Bästa laddnätverket","Interiören känns enklare än tysk premium; Endast yoke-ratt i vissa marknader","Den som vill ha snabb el-lyxsedan","for_premium: Mercedes EQS"
"Tesla","Model X","SUV","Stor lyx-elSUV med Falcon Wing-dörrar. Plaid är extrem prestandaversion. Plats för sex eller sju och starka köregenskaper.","El","Fyrhjulsdrift","7","Falcon Wing-dörrar; Sju säten möjligt; Bästa laddnätverket","Komplexa dörrar kan orsaka problem; Enklare interiör än Mercedes EQS","Familjer som vill ha stor el-lyxSUV","for_premium: Mercedes EQS SUV"
"Tesla","Cybertruck","Pickup","Extremt utstickande elektrisk pickup. Brutalt utseende och bra prestanda men opraktisk för Europa och svår tillgänglighet.","El","Fyrhjulsdrift","5","Unik design; Stark prestanda; Bästa laddnätverket","Opraktisk för Europa; Svår tillgänglighet; Polariserande design","Den som vill ha unik el-pickup","for_komfort: Ford F-150 Lightning"
"Tesla","Roadster","Coupé","Kommande extrem el-supersport. Otroliga prestandasiffror utlovas. Faktisk produktion har dragit ut på tiden.","El","Fyrhjulsdrift","4","Otrolig utlovad prestanda; Bästa laddnätverket; Unik EV-supersport","Försenad produktion; Mycket dyr","Entusiasten som vill ha extrem el-supersport",""
"Tesla","Semi","Lastbil","Tesla:s elektriska lastbil. Inte personbilssegmentet men ett unikt projekt med fokus på låg driftkostnad för åkerier.","El","Fyrhjulsdrift","2","Låg driftkostnad; Stark prestanda; Unik el-lastbil","Inte tillgänglig i Europa ännu; Begränsad användning","Åkerier; Företag med tunga transporter",""
"Toyota","Aygo X","Halvkombi","Liten charmig stadsbil med crossover-touch. Manuell bensin är förstaval. Mycket låg driftkostnad och japansk pålitlighet.","Bensin","Tvåhjulsdrift","5","Mycket låg driftkostnad; Pålitlig; Smidig i stad","Bullrig på motorväg; Begränsat utrymme","Stadsboende; Förstabilskunden",""
"Toyota","Yaris","Halvkombi","Pålitlig hybrid-småbil. Hybridversionen är förstaval. Extremt låg förbrukning och japansk byggkvalitet.","Hybrid","Tvåhjulsdrift","5","Extremt låg förbrukning; Pålitlig; Bra hybrid","Anonym design; Inte inspirerande att köra","Pendlaren med fokus på ekonomi; Förstabilskunden",""
"Toyota","Yaris Cross","SUV","Liten hybrid-crossover. Hybridversionen är förstaval. Smidig och driftsäker, ett av de smartaste valen i klassen.","Hybrid","Tvåhjulsdrift; Fyrhjulsdrift","5","Driftsäker; Låg förbrukning; Smidig","Inte inspirerande; Trångt baksäte","Småfamiljen; Pendlaren",""
"Toyota","Corolla","Halvkombi/Sedan","Världens mest sålda bil och en symbol för driftsäkerhet. Hybridversionen är förstaval. Lätt att äga och billig i drift.","Hybrid","Tvåhjulsdrift","5","Extremt driftsäker; Låg förbrukning; Bra hybrid","Inte inspirerande att köra; Anonym","Den som vill ha pålitlig vardagsbil","for_korgladje: Ford Focus"
"Toyota","Corolla Touring Sports","Kombi","Praktisk hybrid-kombi. 2.0 Hybrid är förstaval. Driftsäker familjebil med låg förbrukning och stort bagage.","Hybrid","Tvåhjulsdrift","5","Pålitlig; Låg förbrukning; Praktiskt bagage","Inte inspirerande att köra; Anonym","Familjer som vill ha pålitlig kombi","for_premium: Skoda Octavia Combi"
"Toyota","Corolla Cross","SUV","Familje-SUV på samma plattform som Corolla. Hybridversionen är förstaval. Bra balans mellan utrymme och förbrukning.","Hybrid","Tvåhjulsdrift; Fyrhjulsdrift","5","Driftsäker; Bra hybrid; Praktisk","Anonym design; Inte sportig","Familjer som vill ha pålitlig SUV",""
"Toyota","C-HR","SUV","Snyggare crossover från Toyota. Hybrid eller laddhybrid är vanligaste valen. Polariserande design men karaktärsfull.","Hybrid; Laddhybrid","Tvåhjulsdrift","5","Karaktärsfull design; Driftsäker; Bra hybrid","Begränsat baksäte och bagage; Polariserande design","Den som vill ha snygg hybrid-crossover","for_utrymme: Toyota Corolla Cross"
"Toyota","RAV4","SUV","Klassisk familje-SUV. Laddhybrid AWD är populärt val i Sverige. Stark och pålitlig med bra dragförmåga.","Hybrid; Laddhybrid","Tvåhjulsdrift; Fyrhjulsdrift","5","Pålitlig; Bra laddhybrid; Stark AWD","Inte sportig; Polariserande design","Familjer som vill ha pålitlig SUV","for_komfort: Volvo XC60"
"Toyota","Highlander","SUV","Stor sjusits hybrid-SUV. Endast en hybrid AWD-version. Mycket utrymme för storfamiljen.","Hybrid","Fyrhjulsdrift","7","Sju säten; Bra hybrid; Pålitlig","Stor i stad; Inte sportig","Storfamiljen som vill ha pålitlig sjusits",""
"Toyota","Prius","Halvkombi","Hybrid-pionjär med ny design. Laddhybriden är vanligaste valet. Extremt låg förbrukning och ikonisk bland hybridfans.","Hybrid; Laddhybrid","Tvåhjulsdrift; Fyrhjulsdrift","5","Extremt låg förbrukning; Pålitlig; Bra laddhybrid","Begränsat baksäte mot rivaler","Den som vill ha klassisk hybrid",""
"Toyota","bZ4X","SUV","Toyotas första moderna elbil. AWD-versionen är förstaval. Inte klassledande räckvidd eller laddhastighet.","El","Tvåhjulsdrift; Fyrhjulsdrift","5","Driftsäker; Bra komfort; Bra AWD","Inte klassledande räckvidd; Långsam laddning","Familjer som vill ha pålitlig el-SUV","for_rackvidd: Hyundai IONIQ 5"
"Toyota","Supra","Coupé","Sportbil byggd på BMW Z4-plattform. Manuell version finns och är vanligt val för entusiaster.","Bensin","Tvåhjulsdrift","2","Manuell finns; Bakhjulsdrift; Bra balans","Mindre praktisk; Endast två säten","Entusiasten med fokus på körglädje","for_premium: BMW M2"
"Toyota","GR Yaris","Halvkombi","Liten brutal hot hatch byggd för rally. Manuell låda och AWD. Hård fjädring men extrem körkänsla.","Bensin","Fyrhjulsdrift","4","Brutal körkänsla; Manuell + AWD; Rallybil för väg","Hård fjädring; Begränsat baksäte; Bullrig","Entusiasten med fokus på rally-känsla","for_komfort: Audi S3"
"Toyota","Land Cruiser","Terrängbil","Legendarisk terrängbil med oslagbar pålitlighet. Dieselautomat är vanligt val. Oslagbar i terräng och hållfasthet men bullrig och otymplig på motorväg.","Diesel","Fyrhjulsdrift","7","Extremt pålitlig; Oslagbar i terräng; Bra dragbil","Bullrig på motorväg; Otymplig i stad; Hög förbrukning","Off-road-användning; Lantbruksanvändning","for_komfort: Land Rover Defender"
"Toyota","Urban Cruiser","SUV","Toyotas nya kompakt-elSUV. Pålitlighet i elformat. Mer fokus på trygg vardagsanvändning än premium.","El","Tvåhjulsdrift; Fyrhjulsdrift","5","Toyotas pålitlighet i EV-format; Smidig storlek","Inte klassledande räckvidd","Familjer som vill ha pålitlig kompakt-EV",""
"Toyota","ProAce City Verso","Familjevan","Praktisk liten familjebil eller arbetsbil. Diesel eller el är vanligaste valen. Mycket plats för pengarna.","Diesel; El","Tvåhjulsdrift","5","Mycket plats; Pålitlig; Praktisk","Inte premium; Mer transportbil","Aktiva familjer; Hantverkare",""
"Volkswagen","Polo","Halvkombi","Marknadens mest premiumkänsla i småklassen. TSI DSG är förstaval. Mycket bra interiör och köregenskaper men dyrare än konkurrenter.","Bensin","Tvåhjulsdrift","5","Premiumkänsla för småbil; Bra köregenskaper; Hög kvalitet","Dyrare än konkurrenter","Stadsboende som vill ha kvalitet",""
"Volkswagen","Golf","Halvkombi","Klassisk vardagsbil och kompaktklassens måttstock. eHybrid är populärt val. Bra balans mellan komfort, körning och kvalitet.","Bensin; Diesel; Mildhybrid; Laddhybrid","Tvåhjulsdrift","5","Bra balans i allt; Hög kvalitetskänsla; Bred motorflora","Inte särskilt utstickande; Tidiga GTi/R-buggar i infotainment","Pendlaren; Småfamiljen som vill ha trygg vardagsbil",""
"Volkswagen","Golf R","Halvkombi","Brutal AWD hot hatch. Bra balans mellan komfort och prestanda. Bra som året-runt-bil för entusiasten.","Bensin","Fyrhjulsdrift","5","AWD året runt; Bra balans; Praktisk för sportbil","Mindre lekfull än Civic Type R; Dyr","Entusiasten med vardagsbehov","for_lekfullhet: Honda Civic Type R"
"Volkswagen","ID.3","Halvkombi","VW:s första moderna elbil. Pro S är förstaval för räckvidd. Modern men mjukvaran har varit problematisk historiskt.","El","Tvåhjulsdrift","5","Modern design; Bra räckvidd; Tysk premiumkänsla","Mjukvarubuggar historiskt; Inte lika rolig som Cupra Born","Pendlaren med EV-behov","for_korgladje: Cupra Born"
"Volkswagen","ID.4","SUV","Populär familje-elSUV. GTX är AWD-versionen. Praktisk och bekväm med trygg känsla.","El","Tvåhjulsdrift; Fyrhjulsdrift","5","Praktisk; Tysk premiumkänsla; Bra utrymme","Mjukvaran inte bäst; Inte lika effektiv som Tesla","Familjer som vill ha europeisk el-SUV","for_effektivitet: Tesla Model Y"
"Volkswagen","ID.7","Sedan/Kombi","Stor och bekväm el-sedan eller kombi (Tourer). GTX är AWD-versionen. Bra långfärdsbil med modern interiör.","El","Tvåhjulsdrift; Fyrhjulsdrift","5","Bra långfärdsbil; Modern interiör; Rymlig","Mjukvaran inte bäst; Inte sportig","Långpendlare med EV-behov; Tjänstebilsföraren",""
"Volkswagen","ID. Buzz","Familjevan","Modern retro-elbuss. Sjusits-versionen är populär. Charmig och praktisk men dyr för storleken.","El","Tvåhjulsdrift; Fyrhjulsdrift","7","Retro-charm; Praktisk; Stort utrymme","Dyr för storleken; Inte effektiv på motorväg","Storfamiljen som vill ha karaktär","for_premium: Mercedes EQV"
"Volkswagen","Tiguan","SUV","VW:s flaggskepp inom familje-SUV. eHybrid är populärt val. Bra balans mellan komfort och praktisk användning.","Bensin; Diesel; Mildhybrid; Laddhybrid","Tvåhjulsdrift; Fyrhjulsdrift","5","Bra balans i allt; Hög kvalitetskänsla; Bra utrustning","Inte sportig; Dyrare än Skoda Kodiaq","Familjen som vill ha trygg SUV","for_utrymme: Skoda Kodiaq"
"Volkswagen","T-Roc","SUV","Snyggare och sportigare än vanlig VW. TSI DSG är förstaval. Bra balans men trångt baksäte.","Bensin; Mildhybrid","Tvåhjulsdrift","5","Snyggare än vanlig VW; Bra köregenskaper","Trångt baksäte; Hård fjädring i R-versionen","Singel eller par som vill ha karaktär",""
"Volkswagen","T-Cross","SUV","Liten praktisk crossover. TSI DSG är förstaval. Smidig och praktisk i stad men inte särskilt inspirerande.","Bensin","Tvåhjulsdrift","5","Smidig; Praktisk; Bra storlek för stad","Anonym design; Enklare interiör","Stadsboende; Småfamiljen",""
"Volkswagen","Taigo","SUV","Coupé-version av T-Cross. TSI DSG är förstaval. Snyggare men mindre praktisk än T-Cross.","Bensin","Tvåhjulsdrift","5","Snyggare design; Smidig i stad","Mindre praktisk än T-Cross","Designorienterade stadsboende","for_familj: Volkswagen T-Cross"
"Volkswagen","Passat Variant","Kombi","Klassisk familjekombi och tjänstebilsfavorit. eHybrid är populärt val. Mycket bra långfärdsbil med stort bagage.","Bensin; Diesel; Mildhybrid; Laddhybrid","Tvåhjulsdrift; Fyrhjulsdrift","5","Bra långfärdsbil; Stort bagage; Hög kvalitetskänsla","Inte sportig; Dyrare än Skoda Superb","Långpendlaren; Tjänstebilsföraren","for_varde: Skoda Superb Combi"
"Volkswagen","Arteon","Sedan/Kombi","Snyggare och låg version av Passat. Shooting Brake-kombin är populär. Elegant design men modellen utgår.","Bensin; Diesel; Mildhybrid; Laddhybrid","Tvåhjulsdrift; Fyrhjulsdrift","5","Elegant design; Bra som tjänstebil","Modellen utgår; Lägre takhöjd bak","Designorienterade tjänstebilsförare",""
"Volkswagen","Touareg","SUV","Stor premium-SUV och VW:s flaggskepp. eHybrid är populärt val. Mycket utrustning för pengarna jämfört med Audi Q7.","Bensin; Diesel; Mildhybrid; Laddhybrid","Fyrhjulsdrift","5","Mycket utrustning för pengarna; Bra komfort; Stark dragbil","Stor i stad; Inga sju säten","Familjer som vill ha stor SUV","for_premium: Audi Q7"
"Volkswagen","Touareg R","SUV","Sportig laddhybrid-version av Touareg. Stark prestanda och premium-känsla men inte lika premium som motsvarande Audi/Porsche.","Laddhybrid","Fyrhjulsdrift","5","Stark prestanda; Bra utrustning; PHEV-räckvidd","Stor i stad; Inga sju säten","Den som vill ha snabb stor SUV","for_premium: Porsche Cayenne E-Hybrid"
"Volkswagen","Caddy","Familjevan","Praktisk familje- eller arbetsbil. Diesel DSG är vanligt val. Mycket plats för pengarna.","Bensin; Diesel","Tvåhjulsdrift","5","Mycket plats; Praktisk; Bra för aktiva familjer","Inte premium; Mer transportbil än personbil","Aktiva familjer; Hantverkare",""
"Volkswagen","Amarok","Pickup","Premium-pickup byggd på samma plattform som Ford Ranger. Diesel är vanligt val. Stark dragbil och robust.","Diesel","Fyrhjulsdrift","5","Stark dragbil; Robust; Tysk premiumkänsla","Stor i stad; Hög förbrukning","Hantverkare; Den som drar släp",""
"Volvo","EX30","SUV","Skandinavisk premium-elbil för stad. Twin Motor Performance är populär. Mycket säkerhet och kvalitet i kompakt format men trångt baksäte.","El","Tvåhjulsdrift; Fyrhjulsdrift","5","Hög säkerhet; Premium-känsla; Smidig storlek","Trångt baksäte; All kontroll via skärm","Stadsboende som vill ha premium-EV","for_traditionell_layout: Volvo XC40"
"Volvo","EX40","SUV","Elektrisk version av XC40. Long Range är förstaval. Bekväm familje-EV med Volvos säkerhetskänsla.","El","Tvåhjulsdrift; Fyrhjulsdrift","5","Hög säkerhet; Bekväm; Premium-känsla","Inte lika effektiv som Tesla; Begränsat bagage","Familjer som vill ha premium-EV med säkerhetsfokus","for_effektivitet: Tesla Model Y"
"Volvo","EC40","SUV","Coupé-version av EX40 (tidigare C40 Recharge). Snyggare design men mindre praktisk. Bygger på samma plattform som EX40.","El","Tvåhjulsdrift; Fyrhjulsdrift","5","Snyggare design; Hög säkerhet; Premium-känsla","Mindre bagage än EX40; Lägre takhöjd bak","Designorienterad köpare","for_utrymme: Volvo EX40"
"Volvo","EX60","SUV","Kommande elektrisk version av XC60. Förväntat blir det Volvos viktigaste el-SUV. Modern interiör och hög säkerhet.","El","Tvåhjulsdrift; Fyrhjulsdrift","5","Hög säkerhet; Modern interiör; Bra storlek för familj","Inte tillgänglig ännu; Förväntat dyr","Familjer som vill ha premium el-SUV",""
"Volvo","EX90","SUV","Volvos stora sjusits el-SUV. Twin Motor är förstaval. Hög säkerhet och lyxig kupé men mjukvaran har haft problem.","El","Fyrhjulsdrift","7","Sju säten; Hög säkerhet; Premiuminteriör","Mjukvarubuggar tidigt; Dyr; Tung","Storfamiljen med EV-behov","for_mjukvara: Tesla Model X"
"Volvo","XC40","SUV","Klassisk kompakt premium-SUV. T4 eller laddhybrid är populära val. Bra utrustning som standard och bra säkerhet.","Bensin; Mildhybrid; Laddhybrid","Tvåhjulsdrift; Fyrhjulsdrift","5","Hög säkerhet; Bra utrustning; Praktisk","Mindre rolig än BMW X1; Hård fjädring i sportsversion","Småfamiljen; Den som vill ha trygg SUV",""
"Volvo","XC60","SUV","Sveriges mest populära mellanstora SUV. T6 eller T8 Recharge är populära val. Bra balans mellan komfort, säkerhet och utrustning.","Bensin; Mildhybrid; Laddhybrid","Tvåhjulsdrift; Fyrhjulsdrift","5","Hög säkerhet; Bekväm; Bra svenska väder-egenskaper","Mindre rolig än BMW X3; Hög inköpskostnad","Familjependlaren; Tjänstebilsföraren","for_korkansla: BMW X3"
"Volvo","XC70","Kombi","Klassisk crossover-kombi med extra markhöjd. AWD diesel är populärt begagnatval. Tidlös design och bra svenska väder-egenskaper. Endast begagnat.","Bensin; Diesel","Tvåhjulsdrift; Fyrhjulsdrift","5","Tidlös design; Bra på svenska vägar; AWD","Endast begagnat; Hög förbrukning för storleken","Den som vill ha klassisk Volvo-kombi","for_modernitet: Volvo V60 Cross Country"
"Volvo","XC90","SUV","Klassisk stor sjusits-SUV. T8 Recharge är populärt val. Hög säkerhet och premium-känsla men börjar bli äldre.","Bensin; Mildhybrid; Laddhybrid","Fyrhjulsdrift","7","Sju säten; Hög säkerhet; Bekväm långfärdsbil","Börjar bli äldre i tekniken; Stor i stad","Storfamiljen; Långpendlare",""
"Volvo","S60","Sedan","Premium-sedan med svensk karaktär. T8 Recharge är populärt val. Bra balans mellan körning och komfort men sedaner har lägre andrahandsvärde i Sverige.","Bensin; Mildhybrid; Laddhybrid","Tvåhjulsdrift; Fyrhjulsdrift","5","Hög säkerhet; Karaktärsfull design; Bra komfort","Lägre andrahandsvärde i Sverige; Mindre praktisk än V60","Den som föredrar sedan över kombi","for_korgladje: BMW 3-serie"
"Volvo","S90","Sedan","Stor premium-sedan. T8 Recharge är populärt val. Mycket bekväm långfärdsbil men sedaner har lägre andrahandsvärde i Sverige. Modellen utgår.","Bensin; Mildhybrid; Laddhybrid","Fyrhjulsdrift","5","Mycket bekväm; Hög säkerhet; Karaktärsfull","Modellen utgår; Lägre andrahandsvärde i Sverige","Långpendlare som föredrar sedan","for_andrahandsvarde: Mercedes E-klass"
"Volvo","V40 Cross Country","Halvkombi","Crossover-halvkombi med extra markhöjd. T3 är populärt begagnatval. Bra storlek och svenska väder-egenskaper. Endast begagnat.","Bensin; Diesel","Tvåhjulsdrift","5","Bra svenska väder-egenskaper; Karaktärsfull; Smidig storlek","Endast begagnat; Börjar bli äldre","Den som vill ha lite begagnad Volvo",""
"Volvo","V60","Kombi","Klassisk svensk premiumkombi. T8 Recharge är populärt val. Bra balans och stort bagage. Cross Country-versionen har extra markhöjd och AWD.","Bensin; Mildhybrid; Laddhybrid","Tvåhjulsdrift; Fyrhjulsdrift","5","Hög säkerhet; Bra balans; Stort bagage","Mindre rolig än BMW 3-serie Touring","Familjen som vill ha klassisk Volvo-kombi","for_korgladje: BMW 3-serie Touring"
"Volvo","V70","Kombi","Klassisk Volvo-kombi med tidlös design. Diesel automat är populärt begagnatval. Pålitlig och praktisk men endast begagnat.","Bensin; Diesel","Tvåhjulsdrift; Fyrhjulsdrift","5","Tidlös design; Praktisk; Pålitlig","Endast begagnat; Gammal teknik","Den som vill ha klassisk Volvo-kombi",""
"Volvo","V90","Kombi","Stor premiumkombi med Volvos säkerhet. T8 Recharge är populärt val. Mycket bekväm långfärdsbil men modellen utgår.","Bensin; Mildhybrid; Laddhybrid","Tvåhjulsdrift; Fyrhjulsdrift","5","Mycket bekväm; Stort bagage; Hög säkerhet","Modellen utgår; Stor i stad","Långpendlaren med kombi-fokus","for_korgladje: BMW 5-serie Touring"
"Volvo","V90 Cross Country","Kombi","Stor crossover-kombi med extra markhöjd och AWD. Diesel B5 eller T8 Recharge är populära val. Klassisk svensk Volvo för långresa.","Bensin; Diesel; Mildhybrid; Laddhybrid","Fyrhjulsdrift","5","Bra svenska väder-egenskaper; Stort bagage; Hög säkerhet","Modellen utgår; Hög förbrukning för en kombi","Långpendlaren med kuperad terräng-behov",""
"Xpeng","X9","Familjevan","Stor kinesisk el-MPV med plats för sju. Mycket utrustning för pengarna men begränsat servicenät i Europa.","El","Fyrhjulsdrift","7","Sju säten; Mycket utrustning; Modern teknik","Begränsat servicenät; Okänt andrahandsvärde","Storfamiljen med EV-behov","for_premium: Mercedes EQV"
"Xpeng","G9","SUV","Stor kinesisk premium-elSUV. Långt utrustad och bra räckvidd men begränsat servicenät i Sverige.","El","Tvåhjulsdrift; Fyrhjulsdrift","5","Mycket utrustning; Bra räckvidd; Snabb laddning","Begränsat servicenät; Okänt andrahandsvärde","Den som vill ha mycket EV för pengarna","for_andrahandsvarde: BMW iX"
"Xpeng","P7","Sedan","Kinesisk el-sedan i Tesla Model 3-klassen. Lång räckvidd och bra prestanda men begränsat servicenät i Europa.","El","Tvåhjulsdrift; Fyrhjulsdrift","5","Lång räckvidd; Mycket utrustning; Modern teknik","Begränsat servicenät; Okänt andrahandsvärde","Den som vill ha billig el-sedan med utrustning","for_laddnatverk: Tesla Model 3"
